timestamp,idk,idk2,rated_real_power,idk3,max_watts_hour,idk4,idk5,real_available_Wh,idk6,consumed_watts,idk7
Fri Aug 13 00:00:16 2021,0,2100,0,6,3630,0,7,525,0,0,0
Fri Aug 13 00:01:17 2021,0,2100,0,6,3630,0,7,525,0,0,0
Fri Aug 13 00:02:18 2021,0,2100,0,6,3630,0,7,525,0,0,0
Fri Aug 13 00:03:18 2021,0,2100,0,6,3630,0,7,525,0,0,0
Fri Aug 13 00:04:19 2021,0,2100,0,6,3630,0,7,525,0,0,0
Fri Aug 13 00:05:19 2021,0,2100,0,6,3630,0,7,525,0,0,0
Fri Aug 13 00:06:20 2021,0,2100,0,6,3630,0,7,525,0,0,0
Fri Aug 13 00:07:21 2021,0,2100,0,6,3630,0,7,525,0,0,0
Fri Aug 13 00:08:21 2021,0,2100,0,6,3630,0,7,525,0,0,0
Fri Aug 13 00:09:22 2021,0,2100,0,6,3630,0,7,525,0,0,0
Fri Aug 13 00:10:23 2021,0,2100,0,6,3630,0,7,525,0,0,0
Fri Aug 13 00:11:23 2021,0,2100,0,6,3630,0,7,525,0,0,0
Fri Aug 13 00:12:24 2021,0,2100,0,6,3630,0,7,525,0,0,0
Fri Aug 13 00:13:24 2021,0,2100,0,6,3630,0,7,525,0,0,0
Fri Aug 13 00:14:25 2021,0,2100,0,6,3630,0,7,525,0,0,0
Fri Aug 13 00:15:26 2021,0,2100,0,6,3630,0,7,525,0,0,0
Fri Aug 13 00:16:26 2021,0,2100,0,6,3630,0,7,525,0,0,0
Fri Aug 13 00:17:27 2021,0,2100,0,6,3630,0,7,525,0,0,0
Fri Aug 13 00:18:27 2021,0,2100,0,6,3630,0,7,525,0,0,0
Fri Aug 13 00:19:28 2021,0,2100,0,6,3630,0,7,525,0,0,0
Fri Aug 13 00:20:29 2021,0,2100,0,6,3630,0,7,525,0,0,0
Fri Aug 13 00:21:29 2021,0,2100,0,6,3630,0,7,525,0,0,0
Fri Aug 13 00:22:30 2021,0,2100,0,6,3630,0,7,525,0,0,0
Fri Aug 13 00:23:30 2021,0,2100,0,6,3630,0,7,525,0,0,0
Fri Aug 13 00:24:31 2021,0,2100,0,6,3630,0,7,525,0,0,0
Fri Aug 13 00:25:32 2021,0,2100,0,6,3630,0,7,525,0,0,0
Fri Aug 13 00:26:32 2021,0,2100,0,6,3630,0,7,600,0,0,0
Fri Aug 13 00:27:33 2021,0,2100,0,6,3630,0,7,600,0,0,0
Fri Aug 13 00:28:33 2021,0,2100,0,6,3630,0,7,600,0,0,0
Fri Aug 13 00:29:34 2021,0,2100,0,6,3630,0,7,600,0,0,0
Fri Aug 13 00:30:34 2021,0,2100,0,6,3630,0,7,600,0,0,0
Fri Aug 13 00:31:35 2021,0,2100,0,6,3630,0,7,600,0,0,0
Fri Aug 13 00:32:35 2021,0,2100,0,6,3630,0,7,600,0,0,0
Fri Aug 13 00:33:36 2021,0,2100,0,6,3630,0,7,600,0,0,0
Fri Aug 13 00:34:36 2021,0,2100,0,6,3630,0,7,600,0,0,0
Fri Aug 13 00:35:37 2021,0,2100,0,6,3630,0,7,600,0,0,0
Fri Aug 13 00:36:38 2021,0,2100,0,6,3630,0,7,600,0,0,0
Fri Aug 13 00:37:38 2021,0,2100,0,6,3630,0,7,600,0,0,0
Fri Aug 13 00:38:39 2021,0,2100,0,6,3630,0,7,600,0,0,0
Fri Aug 13 00:39:39 2021,0,2100,0,6,3630,0,7,600,0,0,0
Fri Aug 13 00:40:40 2021,0,2100,0,6,3630,0,7,600,0,0,0
Fri Aug 13 00:41:40 2021,0,2100,0,6,3630,0,7,600,0,0,0
Fri Aug 13 00:42:41 2021,0,2100,0,6,3630,0,7,600,0,0,0
Fri Aug 13 00:43:41 2021,0,2100,0,6,3630,0,7,600,0,0,0
Fri Aug 13 00:44:42 2021,0,2100,0,6,3630,0,7,600,0,0,0
Fri Aug 13 00:45:43 2021,0,2100,0,6,3630,0,7,600,0,0,0
Fri Aug 13 00:46:43 2021,0,2100,0,6,3630,0,7,600,0,0,0
Fri Aug 13 00:47:44 2021,0,2100,0,6,3630,0,7,600,0,0,0
Fri Aug 13 00:48:44 2021,0,2100,0,6,3630,0,7,600,0,0,0
Fri Aug 13 00:49:45 2021,0,2100,0,6,3630,0,7,600,0,0,0
Fri Aug 13 00:50:45 2021,0,2100,0,6,3630,0,7,600,0,0,0
Fri Aug 13 00:51:46 2021,0,2100,0,6,3630,0,7,600,0,0,0
Fri Aug 13 00:52:46 2021,0,2100,0,6,3630,0,7,600,0,0,0
Fri Aug 13 00:53:47 2021,0,2100,0,6,3630,0,7,600,0,0,0
Fri Aug 13 00:54:48 2021,0,2100,0,6,3630,0,7,600,0,0,0
Fri Aug 13 00:55:48 2021,0,2100,0,6,3630,0,7,600,0,0,0
Fri Aug 13 00:56:49 2021,0,2100,0,6,3630,0,7,600,0,0,0
Fri Aug 13 00:57:49 2021,0,2100,0,6,3630,0,7,600,0,0,0
Fri Aug 13 00:58:50 2021,0,2100,0,6,3630,0,7,600,0,0,0
Fri Aug 13 00:59:50 2021,0,2100,0,6,3630,0,7,600,0,0,0
Fri Aug 13 01:00:51 2021,0,2100,0,6,3630,0,7,600,0,0,0
Fri Aug 13 01:01:51 2021,0,2100,0,6,3630,0,7,600,0,0,0
Fri Aug 13 01:02:52 2021,0,2100,0,6,3630,0,7,600,0,0,0
Fri Aug 13 01:03:53 2021,0,2100,0,6,3630,0,7,600,0,0,0
Fri Aug 13 01:04:53 2021,0,2100,0,6,3630,0,7,600,0,0,0
Fri Aug 13 01:05:54 2021,0,2100,0,6,3630,0,7,600,0,0,0
Fri Aug 13 01:06:54 2021,0,2100,0,6,3630,0,7,600,0,0,0
Fri Aug 13 01:07:55 2021,0,2100,0,6,3630,0,7,600,0,0,0
Fri Aug 13 01:08:55 2021,0,2100,0,6,3630,0,7,600,0,0,0
Fri Aug 13 01:09:56 2021,0,2100,0,6,3630,0,7,600,0,0,0
Fri Aug 13 01:10:56 2021,0,2100,0,6,3630,0,7,600,0,0,0
Fri Aug 13 01:11:57 2021,0,2100,0,6,3630,0,7,600,0,0,0
Fri Aug 13 01:12:57 2021,0,2100,0,6,3630,0,7,600,0,0,0
Fri Aug 13 01:13:58 2021,0,2100,0,6,3630,0,7,600,0,0,0
Fri Aug 13 01:14:58 2021,0,2100,0,6,3630,0,7,600,0,0,0
Fri Aug 13 01:15:59 2021,0,2100,0,6,3630,0,7,600,0,0,0
Fri Aug 13 01:16:59 2021,0,2100,0,6,3630,0,7,600,0,0,0
Fri Aug 13 01:18:00 2021,0,2100,0,6,3630,0,7,600,0,0,0
Fri Aug 13 01:19:01 2021,0,2100,0,6,3630,0,7,600,0,0,0
Fri Aug 13 01:20:01 2021,0,2100,0,6,3630,0,7,600,0,0,0
Fri Aug 13 01:21:02 2021,0,2100,0,6,3630,0,7,600,0,0,0
Fri Aug 13 01:22:02 2021,0,2100,0,6,3630,0,7,600,0,0,0
Fri Aug 13 01:23:03 2021,0,2100,0,6,3630,0,7,600,0,0,0
Fri Aug 13 01:24:04 2021,0,2100,0,6,3630,0,7,600,0,0,0
Fri Aug 13 01:25:04 2021,0,2100,0,6,3630,0,7,600,0,0,0
Fri Aug 13 01:26:05 2021,0,2100,0,6,3630,0,7,600,0,0,0
Fri Aug 13 01:27:05 2021,0,2100,0,6,3630,0,7,600,0,0,0
Fri Aug 13 01:28:06 2021,0,2100,0,6,3630,0,7,600,0,0,0
Fri Aug 13 01:29:07 2021,0,2100,0,6,3630,0,7,600,0,0,0
Fri Aug 13 01:30:07 2021,0,2100,0,6,3630,0,7,600,0,0,0
Fri Aug 13 01:31:08 2021,0,2100,0,6,3630,0,7,600,0,0,0
Fri Aug 13 01:32:08 2021,0,2100,0,6,3630,0,7,600,0,0,0
Fri Aug 13 01:33:09 2021,0,2100,0,6,3630,0,7,600,0,0,0
Fri Aug 13 01:34:10 2021,0,2100,0,6,3630,0,7,600,0,0,0
Fri Aug 13 01:35:10 2021,0,2100,0,6,3630,0,7,600,0,0,0
Fri Aug 13 01:36:11 2021,0,2100,0,6,3630,0,7,600,0,0,0
Fri Aug 13 01:37:11 2021,0,2100,0,6,3630,0,7,600,0,0,0
Fri Aug 13 01:38:12 2021,0,2100,0,6,3630,0,7,600,0,0,0
Fri Aug 13 01:39:13 2021,0,2100,0,6,3630,0,7,600,0,0,0
Fri Aug 13 01:40:13 2021,0,2100,0,6,3630,0,7,600,0,0,0
Fri Aug 13 01:41:14 2021,0,2100,0,6,3630,0,7,600,0,0,0
Fri Aug 13 01:42:14 2021,0,2100,0,6,3630,0,7,600,0,0,0
Fri Aug 13 01:43:15 2021,0,2100,0,6,3630,0,7,600,0,0,0
Fri Aug 13 01:44:16 2021,0,2100,0,6,3630,0,7,600,0,0,0
Fri Aug 13 01:45:16 2021,0,2100,0,6,3630,0,7,600,0,0,0
Fri Aug 13 01:46:17 2021,0,2100,0,6,3630,0,7,600,0,0,0
Fri Aug 13 01:47:17 2021,0,2100,0,6,3630,0,7,600,0,0,0
Fri Aug 13 01:48:18 2021,0,2100,0,6,3630,0,7,600,0,0,0
Fri Aug 13 01:49:19 2021,0,2100,0,6,3630,0,7,600,0,0,0
Fri Aug 13 01:50:19 2021,0,2100,0,6,3630,0,7,600,0,0,0
Fri Aug 13 01:51:20 2021,0,2100,0,6,3630,0,7,600,0,0,0
Fri Aug 13 01:52:20 2021,0,2100,0,6,3630,0,7,600,0,0,0
Fri Aug 13 01:53:21 2021,0,2100,0,6,3630,0,7,600,0,0,0
Fri Aug 13 01:54:22 2021,0,2100,0,6,3630,0,7,600,0,0,0
Fri Aug 13 01:55:22 2021,0,2100,0,6,3630,0,7,600,0,0,0
Fri Aug 13 01:56:23 2021,0,2100,0,6,3630,0,7,600,0,0,0
Fri Aug 13 01:57:23 2021,0,2100,0,6,3630,0,7,600,0,0,0
Fri Aug 13 01:58:24 2021,0,2100,0,6,3630,0,7,600,0,0,0
Fri Aug 13 01:59:25 2021,0,2100,0,6,3630,0,7,600,0,0,0
Fri Aug 13 02:00:25 2021,0,2100,0,6,3630,0,7,600,0,0,0
Fri Aug 13 02:01:26 2021,0,2100,0,6,3630,0,7,600,0,0,0
Fri Aug 13 02:02:26 2021,0,2100,0,6,3630,0,7,600,0,0,0
Fri Aug 13 02:03:27 2021,0,2100,0,6,3630,0,7,600,0,0,0
Fri Aug 13 02:04:28 2021,0,2100,0,6,3630,0,7,600,0,0,0
Fri Aug 13 02:05:28 2021,0,2100,0,6,3630,0,7,600,0,0,0
Fri Aug 13 02:06:29 2021,0,2100,0,6,3630,0,7,600,0,0,0
Fri Aug 13 02:07:29 2021,0,2100,0,6,3630,0,7,600,0,0,0
Fri Aug 13 02:08:30 2021,0,2100,0,6,3630,0,7,600,0,0,0
Fri Aug 13 02:09:31 2021,0,2100,0,6,3630,0,7,600,0,0,0
Fri Aug 13 02:10:31 2021,0,2100,0,6,3630,0,7,600,0,0,0
Fri Aug 13 02:11:32 2021,0,2100,0,6,3630,0,7,600,0,0,0
Fri Aug 13 02:12:32 2021,0,2100,0,6,3630,0,7,600,0,0,0
Fri Aug 13 02:13:33 2021,0,2100,0,6,3630,0,7,600,0,0,0
Fri Aug 13 02:14:34 2021,0,2100,0,6,3630,0,7,600,0,0,0
Fri Aug 13 02:15:34 2021,0,2100,0,6,3630,0,7,600,0,0,0
Fri Aug 13 02:16:35 2021,0,2100,0,6,3630,0,7,600,0,0,0
Fri Aug 13 02:17:35 2021,0,2100,0,6,3630,0,7,600,0,0,0
Fri Aug 13 02:18:36 2021,0,2100,0,6,3630,0,7,600,0,0,0
Fri Aug 13 02:19:37 2021,0,2100,0,6,3630,0,7,600,0,0,0
Fri Aug 13 02:20:37 2021,0,2100,0,6,3630,0,7,600,0,0,0
Fri Aug 13 02:21:38 2021,0,2100,0,6,3630,0,7,600,0,0,0
Fri Aug 13 02:22:38 2021,0,2100,0,6,3630,0,7,600,0,0,0
Fri Aug 13 02:23:39 2021,0,2100,0,6,3630,0,7,600,0,0,0
Fri Aug 13 02:24:40 2021,0,2100,0,6,3630,0,7,600,0,0,0
Fri Aug 13 02:25:40 2021,0,2100,0,6,3630,0,7,600,0,0,0
Fri Aug 13 02:26:41 2021,0,2100,0,6,3630,0,7,600,0,0,0
Fri Aug 13 02:27:41 2021,0,2100,0,6,3630,0,7,600,0,0,0
Fri Aug 13 02:28:42 2021,0,2100,0,6,3630,0,7,600,0,0,0
Fri Aug 13 02:29:43 2021,0,2100,0,6,3630,0,7,600,0,0,0
Fri Aug 13 02:30:43 2021,0,2100,0,6,3630,0,7,600,0,0,0
Fri Aug 13 02:31:44 2021,0,2100,0,6,3630,0,7,600,0,0,0
Fri Aug 13 02:32:44 2021,0,2100,0,6,3630,0,7,600,0,0,0
Fri Aug 13 02:33:45 2021,0,2100,0,6,3630,0,7,600,0,0,0
Fri Aug 13 02:34:46 2021,0,2100,0,6,3630,0,7,600,0,0,0
Fri Aug 13 02:35:46 2021,0,2100,0,6,3630,0,7,600,0,0,0
Fri Aug 13 02:36:47 2021,0,2100,0,6,3630,0,7,600,0,0,0
Fri Aug 13 02:37:47 2021,0,2100,0,6,3630,0,7,600,0,0,0
Fri Aug 13 02:38:48 2021,0,2100,0,6,3630,0,7,600,0,0,0
Fri Aug 13 02:39:49 2021,0,2100,0,6,3630,0,7,600,0,0,0
Fri Aug 13 02:40:49 2021,0,2100,0,6,3630,0,7,600,0,0,0
Fri Aug 13 02:41:50 2021,0,2100,0,6,3630,0,7,600,0,0,0
Fri Aug 13 02:42:50 2021,0,2100,0,6,3630,0,7,600,0,0,0
Fri Aug 13 02:43:51 2021,0,2100,0,6,3630,0,7,600,0,0,0
Fri Aug 13 02:44:52 2021,0,2100,0,6,3630,0,7,600,0,0,0
Fri Aug 13 02:45:52 2021,0,2100,0,6,3630,0,7,600,0,0,0
Fri Aug 13 02:46:53 2021,0,2100,0,6,3630,0,7,600,0,0,0
Fri Aug 13 02:47:53 2021,0,2100,0,6,3630,0,7,600,0,0,0
Fri Aug 13 02:48:54 2021,0,2100,0,6,3630,0,7,600,0,0,0
Fri Aug 13 02:49:55 2021,0,2100,0,6,3630,0,7,600,0,0,0
Fri Aug 13 02:50:55 2021,0,2100,0,6,3630,0,7,600,0,0,0
Fri Aug 13 02:51:56 2021,0,2100,0,6,3630,0,7,600,0,0,0
Fri Aug 13 02:52:56 2021,0,2100,0,6,3630,0,7,600,0,0,0
Fri Aug 13 02:53:57 2021,0,2100,0,6,3630,0,7,600,0,0,0
Fri Aug 13 02:54:57 2021,0,2100,0,6,3630,0,7,600,0,0,0
Fri Aug 13 02:55:58 2021,0,2100,0,6,3630,0,7,600,0,0,0
Fri Aug 13 02:56:58 2021,0,2100,0,6,3630,0,7,600,0,0,0
Fri Aug 13 02:57:59 2021,0,2100,0,6,3630,0,7,675,0,0,0
Fri Aug 13 02:58:59 2021,0,2100,0,6,3630,0,7,675,0,0,0
Fri Aug 13 03:00:00 2021,0,2100,0,6,3630,0,7,675,0,0,0
Fri Aug 13 03:01:00 2021,0,2100,0,6,3630,0,7,675,0,0,0
Fri Aug 13 03:02:01 2021,0,2100,0,6,3630,0,7,675,0,0,0
Fri Aug 13 03:03:01 2021,0,2100,0,6,3630,0,7,675,0,0,0
Fri Aug 13 03:04:02 2021,0,2100,0,6,3630,0,7,675,0,0,0
Fri Aug 13 03:05:03 2021,0,2100,0,6,3630,0,7,675,0,0,0
Fri Aug 13 03:06:03 2021,0,2100,0,6,3630,0,7,675,0,0,0
Fri Aug 13 03:07:04 2021,0,2100,0,6,3630,0,7,675,0,0,0
Fri Aug 13 03:08:04 2021,0,2100,0,6,3630,0,7,675,0,0,0
Fri Aug 13 03:09:05 2021,0,2100,0,6,3630,0,7,675,0,0,0
Fri Aug 13 03:10:06 2021,0,2100,0,6,3630,0,7,675,0,0,0
Fri Aug 13 03:11:06 2021,0,2100,0,6,3630,0,7,675,0,0,0
Fri Aug 13 03:12:07 2021,0,2100,0,6,3630,0,7,675,0,0,0
Fri Aug 13 03:13:07 2021,0,2100,0,6,3630,0,7,675,0,0,0
Fri Aug 13 03:14:08 2021,0,2100,0,6,3630,0,7,675,0,0,0
Fri Aug 13 03:15:09 2021,0,2100,0,6,3630,0,7,675,0,0,0
Fri Aug 13 03:16:09 2021,0,2100,0,6,3630,0,7,675,0,0,0
Fri Aug 13 03:17:10 2021,0,2100,0,6,3630,0,7,675,0,0,0
Fri Aug 13 03:18:10 2021,0,2100,0,6,3630,0,7,675,0,0,0
Fri Aug 13 03:19:11 2021,0,2100,0,6,3630,0,7,675,0,0,0
Fri Aug 13 03:20:12 2021,0,2100,0,6,3630,0,7,675,0,0,0
Fri Aug 13 03:21:12 2021,0,2100,0,6,3630,0,7,675,0,0,0
Fri Aug 13 03:22:13 2021,0,2100,0,6,3630,0,7,675,0,0,0
Fri Aug 13 03:23:13 2021,0,2100,0,6,3630,0,7,675,0,0,0
Fri Aug 13 03:24:14 2021,0,2100,0,6,3630,0,7,675,0,0,0
Fri Aug 13 03:25:15 2021,0,2100,0,6,3630,0,7,675,0,0,0
Fri Aug 13 03:26:15 2021,0,2100,0,6,3630,0,7,675,0,0,0
Fri Aug 13 03:27:16 2021,0,2100,0,6,3630,0,7,675,0,0,0
Fri Aug 13 03:28:16 2021,0,2100,0,6,3630,0,7,675,0,0,0
Fri Aug 13 03:29:17 2021,0,2100,0,6,3630,0,7,675,0,0,0
Fri Aug 13 03:30:18 2021,0,2100,0,6,3630,0,7,675,0,0,0
Fri Aug 13 03:31:18 2021,0,2100,0,6,3630,0,7,675,0,0,0
Fri Aug 13 03:32:19 2021,0,2100,0,6,3630,0,7,675,0,0,0
Fri Aug 13 03:33:19 2021,0,2100,0,6,3630,0,7,675,0,0,0
Fri Aug 13 03:34:20 2021,0,2100,0,6,3630,0,7,675,0,0,0
Fri Aug 13 03:35:21 2021,0,2100,0,6,3630,0,7,675,0,0,0
Fri Aug 13 03:36:21 2021,0,2100,0,6,3630,0,7,675,0,0,0
Fri Aug 13 03:37:22 2021,0,2100,0,6,3630,0,7,675,0,0,0
Fri Aug 13 03:38:22 2021,0,2100,0,6,3630,0,7,675,0,0,0
Fri Aug 13 03:39:23 2021,0,2100,0,6,3630,0,7,675,0,0,0
Fri Aug 13 03:40:24 2021,0,2100,0,6,3630,0,7,675,0,0,0
Fri Aug 13 03:41:24 2021,0,2100,0,6,3630,0,7,675,0,0,0
Fri Aug 13 03:42:25 2021,0,2100,0,6,3630,0,7,675,0,0,0
Fri Aug 13 03:43:25 2021,0,2100,0,6,3630,0,7,675,0,0,0
Fri Aug 13 03:44:26 2021,0,2100,0,6,3630,0,7,675,0,0,0
Fri Aug 13 03:45:27 2021,0,2100,0,6,3630,0,7,675,0,0,0
Fri Aug 13 03:46:27 2021,0,2100,0,6,3630,0,7,675,0,0,0
Fri Aug 13 03:47:28 2021,0,2100,0,6,3630,0,7,675,0,0,0
Fri Aug 13 03:48:28 2021,0,2100,0,6,3630,0,7,675,0,0,0
Fri Aug 13 03:49:29 2021,0,2100,0,6,3630,0,7,675,0,0,0
Fri Aug 13 03:50:30 2021,0,2100,0,6,3630,0,7,675,0,0,0
Fri Aug 13 03:51:30 2021,0,2100,0,6,3630,0,7,675,0,0,0
Fri Aug 13 03:52:31 2021,0,2100,0,6,3630,0,7,675,0,0,0
Fri Aug 13 03:53:31 2021,0,2100,0,6,3630,0,7,675,0,0,0
Fri Aug 13 03:54:32 2021,0,2100,0,6,3630,0,7,675,0,0,0
Fri Aug 13 03:55:33 2021,0,2100,0,6,3630,0,7,675,0,0,0
Fri Aug 13 03:56:33 2021,0,2100,0,6,3630,0,7,675,0,0,0
Fri Aug 13 03:57:34 2021,0,2100,0,6,3630,0,7,675,0,0,0
Fri Aug 13 03:58:34 2021,0,2100,0,6,3630,0,7,675,0,0,0
Fri Aug 13 03:59:35 2021,0,2100,0,6,3630,0,7,675,0,0,0
Fri Aug 13 04:00:35 2021,0,2100,0,6,3630,0,7,675,0,0,0
Fri Aug 13 04:01:36 2021,0,2100,0,6,3630,0,7,675,0,0,0
Fri Aug 13 04:02:37 2021,0,2100,0,6,3630,0,7,675,0,0,0
Fri Aug 13 04:03:37 2021,0,2100,0,6,3630,0,7,675,0,0,0
Fri Aug 13 04:04:38 2021,0,2100,0,6,3630,0,7,675,0,0,0
Fri Aug 13 04:05:38 2021,0,2100,0,6,3630,0,7,675,0,0,0
Fri Aug 13 04:06:39 2021,0,2100,0,6,3630,0,7,675,0,0,0
Fri Aug 13 04:07:39 2021,0,2100,0,6,3630,0,7,675,0,0,0
Fri Aug 13 04:08:40 2021,0,2100,0,6,3630,0,7,675,0,0,0
Fri Aug 13 04:09:41 2021,0,2100,0,6,3630,0,7,675,0,0,0
Fri Aug 13 04:10:41 2021,0,2100,0,6,3630,0,7,675,0,0,0
Fri Aug 13 04:11:42 2021,0,2100,0,6,3630,0,7,675,0,0,0
Fri Aug 13 04:12:43 2021,0,2100,0,6,3630,0,7,675,0,0,0
Fri Aug 13 04:13:43 2021,0,2100,0,6,3630,0,7,675,0,0,0
Fri Aug 13 04:14:44 2021,0,2100,0,6,3630,0,7,675,0,0,0
Fri Aug 13 04:15:44 2021,0,2100,0,6,3630,0,7,675,0,0,0
Fri Aug 13 04:16:45 2021,0,2100,0,6,3630,0,7,675,0,0,0
Fri Aug 13 04:17:45 2021,0,2100,0,6,3630,0,7,675,0,0,0
Fri Aug 13 04:18:46 2021,0,2100,0,6,3630,0,7,675,0,0,0
Fri Aug 13 04:19:46 2021,0,2100,0,6,3630,0,7,675,0,0,0
Fri Aug 13 04:20:47 2021,0,2100,0,6,3630,0,7,675,0,0,0
Fri Aug 13 04:21:47 2021,0,2100,0,6,3630,0,7,675,0,0,0
Fri Aug 13 04:22:48 2021,0,2100,0,6,3630,0,7,675,0,0,0
Fri Aug 13 04:23:49 2021,0,2100,0,6,3630,0,7,675,0,0,0
Fri Aug 13 04:24:49 2021,0,2100,0,6,3630,0,7,675,0,0,0
Fri Aug 13 04:25:50 2021,0,2100,0,6,3630,0,7,675,0,0,0
Fri Aug 13 04:26:50 2021,0,2100,0,6,3630,0,7,750,0,0,0
Fri Aug 13 04:27:51 2021,0,2100,0,6,3630,0,7,750,0,0,0
Fri Aug 13 04:28:51 2021,0,2100,0,6,3630,0,7,750,0,0,0
Fri Aug 13 04:29:52 2021,0,2100,0,6,3630,0,7,750,0,0,0
Fri Aug 13 04:30:52 2021,0,2100,0,6,3630,0,7,750,0,0,0
Fri Aug 13 04:31:53 2021,0,2100,0,6,3630,0,7,750,0,0,0
Fri Aug 13 04:32:53 2021,0,2100,0,6,3630,0,7,750,0,0,0
Fri Aug 13 04:33:54 2021,0,2100,0,6,3630,0,7,750,0,0,0
Fri Aug 13 04:34:54 2021,0,2100,0,6,3630,0,7,750,0,0,0
Fri Aug 13 04:35:55 2021,0,2100,0,6,3630,0,7,750,0,0,0
Fri Aug 13 04:36:55 2021,0,2100,0,6,3630,0,7,750,0,0,0
Fri Aug 13 04:37:56 2021,0,2100,0,6,3630,0,7,750,0,0,0
Fri Aug 13 04:38:56 2021,0,2100,0,6,3630,0,7,750,0,0,0
Fri Aug 13 04:39:57 2021,0,2100,0,6,3630,0,7,750,0,0,0
Fri Aug 13 04:40:57 2021,0,2100,0,6,3630,0,7,750,0,0,0
Fri Aug 13 04:41:58 2021,0,2100,0,6,3630,0,7,750,0,0,0
Fri Aug 13 04:42:59 2021,0,2100,0,6,3630,0,7,750,0,0,0
Fri Aug 13 04:43:59 2021,0,2100,0,6,3630,0,7,750,0,0,0
Fri Aug 13 04:45:00 2021,0,2100,0,6,3630,0,7,750,0,0,0
Fri Aug 13 04:46:00 2021,0,2100,0,6,3630,0,7,750,0,0,0
Fri Aug 13 04:47:01 2021,0,2100,0,6,3630,0,7,750,0,0,0
Fri Aug 13 04:48:02 2021,0,2100,0,6,3630,0,7,750,0,0,0
Fri Aug 13 04:49:02 2021,0,2100,0,6,3630,0,7,750,0,0,0
Fri Aug 13 04:50:03 2021,0,2100,0,6,3630,0,7,750,0,0,0
Fri Aug 13 04:51:03 2021,0,2100,0,6,3630,0,7,750,0,0,0
Fri Aug 13 04:52:04 2021,0,2100,0,6,3630,0,7,750,0,0,0
Fri Aug 13 04:53:05 2021,0,2100,0,6,3630,0,7,750,0,0,0
Fri Aug 13 04:54:05 2021,0,2100,0,6,3630,0,7,750,0,0,0
Fri Aug 13 04:55:06 2021,0,2100,0,6,3630,0,7,750,0,0,0
Fri Aug 13 04:56:06 2021,0,2100,0,6,3630,0,7,750,0,0,0
Fri Aug 13 04:57:07 2021,0,2100,0,6,3630,0,7,750,0,0,0
Fri Aug 13 04:58:07 2021,0,2100,0,6,3630,0,7,750,0,0,0
Fri Aug 13 04:59:08 2021,0,2100,0,6,3630,0,7,750,0,0,0
Fri Aug 13 05:00:09 2021,0,2100,0,6,3630,0,7,750,0,0,0
Fri Aug 13 05:01:09 2021,0,2100,0,6,3630,0,7,750,0,0,0
Fri Aug 13 05:02:10 2021,0,2100,0,6,3630,0,7,750,0,0,0
Fri Aug 13 05:03:10 2021,0,2100,0,6,3630,0,7,750,0,0,0
Fri Aug 13 05:04:11 2021,0,2100,0,6,3630,0,7,750,0,0,0
Fri Aug 13 05:05:11 2021,0,2100,0,6,3630,0,7,750,0,0,0
Fri Aug 13 05:06:12 2021,0,2100,0,6,3630,0,7,750,0,0,0
Fri Aug 13 05:07:12 2021,0,2100,0,6,3630,0,7,750,0,0,0
Fri Aug 13 05:08:13 2021,0,2100,0,6,3630,0,7,750,0,0,0
Fri Aug 13 05:09:13 2021,0,2100,0,6,3630,0,7,750,0,0,0
Fri Aug 13 05:10:14 2021,0,2100,0,6,3630,0,7,750,0,0,0
Fri Aug 13 05:11:14 2021,0,2100,0,6,3630,0,7,750,0,0,0
Fri Aug 13 05:12:15 2021,0,2100,0,6,3630,0,7,750,0,0,0
Fri Aug 13 05:13:15 2021,0,2100,0,6,3630,0,7,750,0,0,0
Fri Aug 13 05:14:16 2021,0,2100,0,6,3630,0,7,750,0,0,0
Fri Aug 13 05:15:17 2021,0,2100,0,6,3630,0,7,750,0,0,0
Fri Aug 13 05:16:17 2021,0,2100,0,6,3630,0,7,750,0,0,0
Fri Aug 13 05:17:18 2021,0,2100,0,6,3630,0,7,750,0,0,0
Fri Aug 13 05:18:18 2021,0,2100,0,6,3630,0,7,750,0,0,0
Fri Aug 13 05:19:19 2021,0,2100,0,6,3630,0,7,750,0,0,0
Fri Aug 13 05:20:19 2021,0,2100,0,6,3630,0,7,750,0,0,0
Fri Aug 13 05:21:20 2021,0,2100,0,6,3630,0,7,750,0,0,0
Fri Aug 13 05:22:20 2021,0,2100,0,6,3630,0,7,750,0,0,0
Fri Aug 13 05:23:21 2021,0,2100,0,6,3630,0,7,750,0,0,0
Fri Aug 13 05:24:21 2021,0,2100,0,6,3630,0,7,750,0,0,0
Fri Aug 13 05:25:22 2021,0,2100,0,6,3630,0,7,750,0,0,0
Fri Aug 13 05:26:22 2021,0,2100,0,6,3630,0,7,750,0,0,0
Fri Aug 13 05:27:23 2021,0,2100,0,6,3630,0,7,750,0,0,0
Fri Aug 13 05:28:23 2021,0,2100,0,6,3630,0,7,750,0,0,0
Fri Aug 13 05:29:24 2021,0,2100,0,6,3630,0,7,750,0,0,0
Fri Aug 13 05:30:24 2021,0,2100,0,6,3630,0,7,750,0,0,0
Fri Aug 13 05:31:25 2021,0,2100,0,6,3630,0,7,750,0,0,0
Fri Aug 13 05:32:25 2021,0,2100,0,6,3630,0,7,750,0,0,0
Fri Aug 13 05:33:26 2021,0,2100,0,6,3630,0,7,750,0,0,0
Fri Aug 13 05:34:27 2021,0,2100,0,6,3630,0,7,750,0,0,0
Fri Aug 13 05:35:27 2021,0,2100,0,6,3630,0,7,750,0,0,0
Fri Aug 13 05:36:28 2021,0,2100,0,6,3630,0,7,750,0,0,0
Fri Aug 13 05:37:28 2021,0,2100,0,6,3630,0,7,750,0,0,0
Fri Aug 13 05:38:29 2021,0,2100,0,6,3630,0,7,750,0,0,0
Fri Aug 13 05:39:29 2021,0,2100,0,6,3630,0,7,750,0,0,0
Fri Aug 13 05:40:30 2021,0,2100,0,6,3630,0,7,750,0,0,0
Fri Aug 13 05:41:30 2021,0,2100,0,6,3630,0,7,750,0,0,0
Fri Aug 13 05:42:31 2021,0,2100,0,6,3630,0,7,750,0,0,0
Fri Aug 13 05:43:32 2021,0,2100,0,6,3630,0,7,750,0,0,0
Fri Aug 13 05:44:32 2021,0,2100,0,6,3630,0,7,750,0,0,0
Fri Aug 13 05:45:33 2021,0,2100,0,6,3630,0,7,750,0,0,0
Fri Aug 13 05:46:33 2021,0,2100,0,6,3630,0,7,750,0,0,0
Fri Aug 13 05:47:34 2021,0,2100,0,6,3630,0,7,750,0,0,0
Fri Aug 13 05:48:34 2021,0,2100,0,6,3630,0,7,750,0,0,0
Fri Aug 13 05:49:35 2021,0,2100,0,6,3630,0,7,750,0,0,0
Fri Aug 13 05:50:36 2021,0,2100,0,6,3630,0,7,750,0,0,0
Fri Aug 13 05:51:36 2021,0,2100,0,6,3630,0,7,750,0,0,0
Fri Aug 13 05:52:37 2021,0,2100,0,6,3630,0,7,750,0,0,0
Fri Aug 13 05:53:37 2021,0,2100,0,6,3630,0,7,750,0,0,0
Fri Aug 13 05:54:38 2021,0,2100,0,6,3630,0,7,750,0,0,0
Fri Aug 13 05:55:38 2021,0,2100,0,6,3630,0,7,750,0,0,0
Fri Aug 13 05:56:39 2021,0,2100,0,6,3630,0,7,750,0,0,0
Fri Aug 13 05:57:39 2021,0,2100,0,6,3630,0,7,750,0,0,0
Fri Aug 13 05:58:40 2021,0,2100,0,6,3630,0,7,750,0,0,0
Fri Aug 13 05:59:40 2021,0,2100,0,6,3630,0,7,750,0,0,0
Fri Aug 13 06:00:41 2021,0,2100,0,6,3630,0,7,750,0,0,0
Fri Aug 13 06:01:41 2021,0,2100,0,6,3630,0,7,750,0,0,0
Fri Aug 13 06:02:42 2021,0,2100,0,6,3630,0,7,750,0,0,0
Fri Aug 13 06:03:42 2021,0,2100,0,6,3630,0,7,750,0,0,0
Fri Aug 13 06:04:43 2021,0,2100,0,6,3630,0,7,750,0,0,0
Fri Aug 13 06:05:44 2021,0,2100,0,6,3630,0,7,750,0,0,0
Fri Aug 13 06:06:44 2021,0,2100,0,6,3630,0,7,750,0,0,0
Fri Aug 13 06:07:45 2021,0,2100,0,6,3630,0,7,750,0,0,0
Fri Aug 13 06:08:45 2021,0,2100,0,6,3630,0,7,750,0,0,0
Fri Aug 13 06:09:46 2021,0,2100,0,6,3630,0,7,750,0,0,0
Fri Aug 13 06:10:46 2021,0,2100,0,6,3630,0,7,750,0,0,0
Fri Aug 13 06:11:47 2021,0,2100,0,6,3630,0,7,750,0,0,0
Fri Aug 13 06:12:48 2021,0,2100,0,6,3630,0,7,750,0,0,0
Fri Aug 13 06:13:48 2021,0,2100,0,6,3630,0,7,750,0,0,0
Fri Aug 13 06:14:49 2021,0,2100,0,6,3630,0,7,750,0,0,0
Fri Aug 13 06:15:49 2021,0,2100,0,6,3630,0,7,750,0,0,0
Fri Aug 13 06:16:50 2021,0,2100,0,6,3630,0,7,750,0,0,0
Fri Aug 13 06:17:51 2021,0,2100,0,6,3630,0,7,750,0,0,0
Fri Aug 13 06:18:51 2021,0,2100,0,6,3630,0,7,750,0,0,0
Fri Aug 13 06:19:52 2021,0,2100,0,6,3630,0,7,750,0,0,0
Fri Aug 13 06:20:52 2021,0,2100,0,6,3630,0,7,750,0,0,0
Fri Aug 13 06:21:53 2021,0,2100,0,6,3630,0,7,750,0,0,0
Fri Aug 13 06:22:54 2021,0,2100,0,6,3630,0,7,750,0,0,0
Fri Aug 13 06:23:54 2021,0,2100,0,6,3630,0,7,750,0,0,0
Fri Aug 13 06:24:55 2021,0,2100,0,6,3630,0,7,750,0,0,0
Fri Aug 13 06:25:55 2021,0,2100,0,6,3630,0,7,750,0,0,0
Fri Aug 13 06:26:56 2021,0,2100,0,6,3630,0,7,750,0,0,0
Fri Aug 13 06:27:57 2021,0,2100,0,6,3630,0,7,750,0,0,0
Fri Aug 13 06:28:57 2021,0,2100,0,6,3630,0,7,750,0,0,0
Fri Aug 13 06:29:58 2021,0,2100,0,6,3630,0,7,750,0,0,0
Fri Aug 13 06:30:58 2021,0,2100,0,6,3630,0,7,750,0,0,0
Fri Aug 13 06:31:59 2021,0,2100,0,6,3630,0,7,750,0,0,0
Fri Aug 13 06:33:00 2021,0,2100,0,6,3630,0,7,750,0,0,0
Fri Aug 13 06:34:00 2021,0,2100,0,6,3630,0,7,750,0,0,0
Fri Aug 13 06:35:01 2021,0,2100,0,6,3630,0,7,750,0,0,0
Fri Aug 13 06:36:01 2021,0,2100,0,6,3630,0,7,750,0,0,0
Fri Aug 13 06:37:02 2021,0,2100,0,6,3630,0,7,750,0,0,0
Fri Aug 13 06:38:03 2021,0,2100,0,6,3630,0,7,750,0,0,0
Fri Aug 13 06:39:03 2021,0,2100,0,6,3630,0,7,750,0,0,0
Fri Aug 13 06:40:04 2021,0,2100,0,6,3630,0,7,750,0,0,0
Fri Aug 13 06:41:04 2021,0,2100,0,6,3630,0,7,750,0,0,0
Fri Aug 13 06:42:05 2021,0,2100,0,6,3630,0,7,750,0,0,0
Fri Aug 13 06:43:06 2021,0,2100,0,6,3630,0,7,750,0,0,0
Fri Aug 13 06:44:06 2021,0,2100,0,6,3630,0,7,750,0,0,0
Fri Aug 13 06:45:07 2021,0,2100,0,6,3630,0,7,750,0,0,0
Fri Aug 13 06:46:07 2021,0,2175,4500,6,3630,0,7,900,0,4469.68,1
Fri Aug 13 06:47:08 2021,0,2250,4500,6,3630,0,7,1050,0,4428.39,1
Fri Aug 13 06:48:09 2021,0,2325,4500,6,3630,0,7,1200,0,4418.06,1
Fri Aug 13 06:49:09 2021,0,2400,4500,6,3630,0,7,1275,0,4459.35,1
Fri Aug 13 06:50:10 2021,0,2475,4500,6,3630,0,7,1350,0,4407.74,1
Fri Aug 13 06:51:10 2021,0,2550,4500,6,3630,0,7,1350,0,4418.06,1
Fri Aug 13 06:52:11 2021,0,2625,4500,6,3630,0,7,1275,0,4428.39,1
Fri Aug 13 06:53:12 2021,0,2700,4500,6,3630,0,7,1200,0,4428.39,1
Fri Aug 13 06:54:12 2021,0,2775,4500,6,3630,0,7,1125,0,4428.39,1
Fri Aug 13 06:55:13 2021,0,2850,4500,6,3630,0,7,1050,0,4428.39,1
Fri Aug 13 06:56:13 2021,0,2925,4500,6,3630,0,7,1050,0,4407.74,1
Fri Aug 13 06:57:14 2021,0,3000,4500,6,3630,0,7,975,0,4449.03,1
Fri Aug 13 06:58:14 2021,0,3075,4500,6,3630,0,7,900,0,4387.1,1
Fri Aug 13 06:59:15 2021,0,3150,4500,6,3630,0,7,825,0,4428.39,1
Fri Aug 13 07:00:15 2021,0,3225,4500,6,3630,0,7,750,0,4407.74,1
Fri Aug 13 07:01:16 2021,0,3300,4500,6,3630,0,7,750,0,4438.71,1
Fri Aug 13 07:02:16 2021,0,3375,4500,6,3630,0,7,675,0,4407.74,1
Fri Aug 13 07:03:17 2021,0,3450,4500,6,3630,0,7,600,0,4376.77,1
Fri Aug 13 07:04:17 2021,0,3525,4500,6,3630,0,7,600,0,4407.74,1
Fri Aug 13 07:05:18 2021,0,3600,4500,6,3630,0,7,525,0,4397.42,1
Fri Aug 13 07:06:18 2021,0,3675,4500,6,3630,0,7,450,0,4407.74,1
Fri Aug 13 07:07:19 2021,0,3750,4500,6,3630,0,7,375,0,4407.74,1
Fri Aug 13 07:08:20 2021,0,3825,4500,6,3630,0,7,375,0,4397.42,1
Fri Aug 13 07:09:20 2021,0,3900,4500,6,3630,0,7,300,0,4438.71,1
Fri Aug 13 07:10:21 2021,0,3975,4500,6,3630,0,7,225,0,4418.06,1
Fri Aug 13 07:11:21 2021,0,4050,4500,6,3630,0,7,225,0,4418.06,1
Fri Aug 13 07:12:22 2021,0,4125,4500,6,3630,0,7,150,0,4418.06,1
Fri Aug 13 07:13:22 2021,0,4200,4500,6,3630,0,7,75,0,4418.06,1
Fri Aug 13 07:14:23 2021,0,4275,4500,6,3630,0,7,75,0,4449.03,1
Fri Aug 13 07:15:24 2021,0,4350,4500,6,3630,0,7,0,0,4397.42,1
Fri Aug 13 07:16:24 2021,0,4350,0,6,3630,0,7,0,0,0,0
Fri Aug 13 07:17:25 2021,0,4350,0,6,3630,0,7,0,0,0,0
Fri Aug 13 07:18:25 2021,0,4350,0,6,3630,0,7,0,0,0,0
Fri Aug 13 07:19:26 2021,0,4350,0,6,3630,0,7,0,0,0,0
Fri Aug 13 07:20:26 2021,0,4350,0,6,3630,0,7,75,0,0,0
Fri Aug 13 07:21:27 2021,0,4350,0,6,3630,0,7,75,0,0,0
Fri Aug 13 07:22:27 2021,0,4350,0,6,3630,0,7,150,0,0,0
Fri Aug 13 07:23:28 2021,0,4350,0,6,3630,0,7,150,0,0,0
Fri Aug 13 07:24:29 2021,0,4350,0,6,3630,0,7,150,0,0,0
Fri Aug 13 07:25:29 2021,0,4350,0,6,3630,0,7,225,0,0,0
Fri Aug 13 07:26:30 2021,0,4350,0,6,3630,0,7,225,0,0,0
Fri Aug 13 07:27:30 2021,0,4350,0,6,3630,0,7,225,0,0,0
Fri Aug 13 07:28:31 2021,0,4350,0,6,3630,0,7,225,0,0,0
Fri Aug 13 07:29:31 2021,0,4350,0,6,3630,0,7,225,0,0,0
Fri Aug 13 07:30:32 2021,0,4350,0,6,3630,0,7,225,0,0,0
Fri Aug 13 07:31:32 2021,0,4350,0,6,3630,0,7,225,0,0,0
Fri Aug 13 07:32:33 2021,0,4350,0,6,3630,0,7,225,0,0,0
Fri Aug 13 07:33:34 2021,0,4350,0,6,3630,0,7,225,0,0,0
Fri Aug 13 07:34:34 2021,0,4350,0,6,3630,0,7,225,0,0,0
Fri Aug 13 07:35:35 2021,0,4350,0,6,3630,0,7,225,0,0,0
Fri Aug 13 07:36:35 2021,0,4350,0,6,3630,0,7,225,0,0,0
Fri Aug 13 07:37:36 2021,0,4350,0,6,3630,0,7,225,0,0,0
Fri Aug 13 07:38:37 2021,0,4350,0,6,3630,0,7,225,0,0,0
Fri Aug 13 07:39:37 2021,0,4350,0,6,3630,0,7,225,0,0,0
Fri Aug 13 07:40:38 2021,0,4350,0,6,3630,0,7,225,0,0,0
Fri Aug 13 07:41:38 2021,0,4350,0,6,3630,0,7,225,0,0,0
Fri Aug 13 07:42:39 2021,0,4350,0,6,3630,0,7,225,0,0,0
Fri Aug 13 07:43:40 2021,0,4350,0,6,3630,0,7,225,0,0,0
Fri Aug 13 07:44:40 2021,0,4350,0,6,3630,0,7,225,0,0,0
Fri Aug 13 07:45:41 2021,0,4350,0,6,3630,0,7,225,0,0,0
Fri Aug 13 07:46:41 2021,0,4350,0,6,3630,0,7,225,0,0,0
Fri Aug 13 07:47:42 2021,0,4350,0,6,3630,0,7,225,0,0,0
Fri Aug 13 07:48:43 2021,0,4350,0,6,3630,0,7,225,0,0,0
Fri Aug 13 07:49:43 2021,0,4350,0,6,3630,0,7,225,0,0,0
Fri Aug 13 07:50:44 2021,0,4350,0,6,3630,0,7,225,0,0,0
Fri Aug 13 07:51:44 2021,0,4350,0,6,3630,0,7,225,0,0,0
Fri Aug 13 07:52:45 2021,0,4350,0,6,3630,0,7,225,0,0,0
Fri Aug 13 07:53:46 2021,0,4350,0,6,3630,0,7,225,0,0,0
Fri Aug 13 07:54:46 2021,0,4350,0,6,3630,0,7,225,0,0,0
Fri Aug 13 07:55:47 2021,0,4350,0,6,3630,0,7,225,0,0,0
Fri Aug 13 07:56:47 2021,0,4350,0,6,3630,0,7,300,0,0,0
Fri Aug 13 07:57:48 2021,0,4350,0,6,3630,0,7,300,0,0,0
Fri Aug 13 07:58:49 2021,0,4350,0,6,3630,0,7,300,0,0,0
Fri Aug 13 07:59:49 2021,0,4350,0,6,3630,0,7,300,0,0,0
Fri Aug 13 08:00:50 2021,0,4350,0,6,3630,0,7,300,0,0,0
Fri Aug 13 08:01:50 2021,0,4350,0,6,3630,0,7,300,0,0,0
Fri Aug 13 08:02:51 2021,0,4350,0,6,3630,0,7,300,0,0,0
Fri Aug 13 08:03:52 2021,0,4350,0,6,3630,0,7,300,0,0,0
Fri Aug 13 08:04:52 2021,0,4350,0,6,3630,0,7,300,0,0,0
Fri Aug 13 08:05:53 2021,0,4350,0,6,3630,0,7,300,0,0,0
Fri Aug 13 08:06:53 2021,0,4350,0,6,3630,0,7,300,0,0,0
Fri Aug 13 08:07:54 2021,0,4350,0,6,3630,0,7,300,0,0,0
Fri Aug 13 08:08:55 2021,0,4350,0,6,3630,0,7,300,0,0,0
Fri Aug 13 08:09:55 2021,0,4350,0,6,3630,0,7,300,0,0,0
Fri Aug 13 08:10:56 2021,0,4350,0,6,3630,0,7,300,0,0,0
Fri Aug 13 08:11:56 2021,0,4350,0,6,3630,0,7,300,0,0,0
Fri Aug 13 08:12:57 2021,0,4350,0,6,3630,0,7,300,0,0,0
Fri Aug 13 08:13:58 2021,0,4350,0,6,3630,0,7,300,0,0,0
Fri Aug 13 08:14:58 2021,0,4350,0,6,3630,0,7,300,0,0,0
Fri Aug 13 08:15:59 2021,0,4350,0,6,3630,0,7,300,0,0,0
Fri Aug 13 08:16:59 2021,0,4350,0,6,3630,0,7,300,0,0,0
Fri Aug 13 08:18:00 2021,0,4350,0,6,3630,0,7,300,0,0,0
Fri Aug 13 08:19:01 2021,0,4350,0,6,3630,0,7,300,0,0,0
Fri Aug 13 08:20:01 2021,0,4350,0,6,3630,0,7,300,0,0,0
Fri Aug 13 08:21:02 2021,0,4350,0,6,3630,0,7,300,0,0,0
Fri Aug 13 08:22:02 2021,0,4350,0,6,3630,0,7,300,0,0,0
Fri Aug 13 08:23:03 2021,0,4350,0,6,3630,0,7,300,0,0,0
Fri Aug 13 08:24:04 2021,0,4350,0,6,3630,0,7,300,0,0,0
Fri Aug 13 08:25:04 2021,0,4350,0,6,3630,0,7,300,0,0,0
Fri Aug 13 08:26:05 2021,0,4350,0,6,3630,0,7,300,0,0,0
Fri Aug 13 08:27:05 2021,0,4350,0,6,3630,0,7,300,0,0,0
Fri Aug 13 08:28:06 2021,0,4350,0,6,3630,0,7,300,0,0,0
Fri Aug 13 08:29:07 2021,0,4350,0,6,3630,0,7,300,0,0,0
Fri Aug 13 08:30:07 2021,0,4350,0,6,3630,0,7,300,0,0,0
Fri Aug 13 08:31:08 2021,0,4350,0,6,3630,0,7,300,0,0,0
Fri Aug 13 08:32:08 2021,0,4350,0,6,3630,0,7,375,0,0,0
Fri Aug 13 08:33:09 2021,0,4350,0,6,3630,0,7,375,0,0,0
Fri Aug 13 08:34:10 2021,0,4350,0,6,3630,0,7,375,0,0,0
Fri Aug 13 08:35:10 2021,0,4350,0,6,3630,0,7,375,0,0,0
Fri Aug 13 08:36:11 2021,0,4350,0,6,3630,0,7,375,0,0,0
Fri Aug 13 08:37:11 2021,0,4350,0,6,3630,0,7,375,0,0,0
Fri Aug 13 08:38:12 2021,0,4350,0,6,3630,0,7,375,0,0,0
Fri Aug 13 08:39:13 2021,0,4350,0,6,3630,0,7,375,0,0,0
Fri Aug 13 08:40:13 2021,0,4350,0,6,3630,0,7,375,0,0,0
Fri Aug 13 08:41:14 2021,0,4350,0,6,3630,0,7,375,0,0,0
Fri Aug 13 08:42:14 2021,0,4350,0,6,3630,0,7,375,0,0,0
Fri Aug 13 08:43:15 2021,0,4350,0,6,3630,0,7,375,0,0,0
Fri Aug 13 08:44:16 2021,0,4350,0,6,3630,0,7,375,0,0,0
Fri Aug 13 08:45:16 2021,0,4350,0,6,3630,0,7,375,0,0,0
Fri Aug 13 08:46:17 2021,0,4350,0,6,3630,0,7,375,0,0,0
Fri Aug 13 08:47:17 2021,0,4350,0,6,3630,0,7,375,0,0,0
Fri Aug 13 08:48:18 2021,0,4350,0,6,3630,0,7,375,0,0,0
Fri Aug 13 08:49:19 2021,0,4350,0,6,3630,0,7,375,0,0,0
Fri Aug 13 08:50:19 2021,0,4350,0,6,3630,0,7,375,0,0,0
Fri Aug 13 08:51:20 2021,0,4350,0,6,3630,0,7,375,0,0,0
Fri Aug 13 08:52:20 2021,0,4350,0,6,3630,0,7,375,0,0,0
Fri Aug 13 08:53:21 2021,0,4350,0,6,3630,0,7,375,0,0,0
Fri Aug 13 08:54:22 2021,0,4350,0,6,3630,0,7,375,0,0,0
Fri Aug 13 08:55:22 2021,0,4350,0,6,3630,0,7,375,0,0,0
Fri Aug 13 08:56:23 2021,0,4350,0,6,3630,0,7,375,0,0,0
Fri Aug 13 08:57:23 2021,0,4350,0,6,3630,0,7,375,0,0,0
Fri Aug 13 08:58:24 2021,0,4350,0,6,3630,0,7,375,0,0,0
Fri Aug 13 08:59:25 2021,0,4350,0,6,3630,0,7,375,0,0,0
Fri Aug 13 09:00:25 2021,0,4350,0,6,3630,0,7,375,0,0,0
Fri Aug 13 09:01:26 2021,0,4350,0,6,3630,0,7,375,0,0,0
Fri Aug 13 09:02:26 2021,0,4350,0,6,3630,0,7,375,0,0,0
Fri Aug 13 09:03:27 2021,0,4350,0,6,3630,0,7,375,0,0,0
Fri Aug 13 09:04:28 2021,0,4350,0,6,3630,0,7,375,0,0,0
Fri Aug 13 09:05:28 2021,0,4350,0,6,3630,0,7,375,0,0,0
Fri Aug 13 09:06:29 2021,0,4350,0,6,3630,0,7,375,0,0,0
Fri Aug 13 09:07:29 2021,0,4350,0,6,3630,0,7,375,0,0,0
Fri Aug 13 09:08:30 2021,0,4350,0,6,3630,0,7,375,0,0,0
Fri Aug 13 09:09:31 2021,0,4350,0,6,3630,0,7,375,0,0,0
Fri Aug 13 09:10:31 2021,0,4350,0,6,3630,0,7,375,0,0,0
Fri Aug 13 09:11:32 2021,0,4350,0,6,3630,0,7,375,0,0,0
Fri Aug 13 09:12:32 2021,0,4350,0,6,3630,0,7,375,0,0,0
Fri Aug 13 09:13:33 2021,0,4350,0,6,3630,0,7,375,0,0,0
Fri Aug 13 09:14:34 2021,0,4350,0,6,3630,0,7,375,0,0,0
Fri Aug 13 09:15:34 2021,0,4350,0,6,3630,0,7,375,0,0,0
Fri Aug 13 09:16:35 2021,0,4350,0,6,3630,0,7,375,0,0,0
Fri Aug 13 09:17:35 2021,0,4350,0,6,3630,0,7,375,0,0,0
Fri Aug 13 09:18:36 2021,0,4350,0,6,3630,0,7,375,0,0,0
Fri Aug 13 09:19:36 2021,0,4350,0,6,3630,0,7,375,0,0,0
Fri Aug 13 09:20:37 2021,0,4350,0,6,3630,0,7,375,0,0,0
Fri Aug 13 09:21:38 2021,0,4350,0,6,3630,0,7,375,0,0,0
Fri Aug 13 09:22:38 2021,0,4350,0,6,3630,0,7,375,0,0,0
Fri Aug 13 09:23:39 2021,0,4350,0,6,3630,0,7,375,0,0,0
Fri Aug 13 09:24:39 2021,0,4350,0,6,3630,0,7,375,0,0,0
Fri Aug 13 09:25:40 2021,0,4350,0,6,3630,0,7,375,0,0,0
Fri Aug 13 09:26:40 2021,0,4350,0,6,3630,0,7,375,0,0,0
Fri Aug 13 09:27:41 2021,0,4350,0,6,3630,0,7,375,0,0,0
Fri Aug 13 09:28:42 2021,0,4350,0,6,3630,0,7,375,0,0,0
Fri Aug 13 09:29:42 2021,0,4350,0,6,3630,0,7,375,0,0,0
Fri Aug 13 09:30:43 2021,0,4350,0,6,3630,0,7,375,0,0,0
Fri Aug 13 09:31:43 2021,0,4350,0,6,3630,0,7,375,0,0,0
Fri Aug 13 09:32:44 2021,0,4350,0,6,3630,0,7,375,0,0,0
Fri Aug 13 09:33:44 2021,0,4350,0,6,3630,0,7,450,0,0,0
Fri Aug 13 09:34:45 2021,0,4350,0,6,3630,0,7,450,0,0,0
Fri Aug 13 09:35:46 2021,0,4350,0,6,3630,0,7,450,0,0,0
Fri Aug 13 09:36:46 2021,0,4350,0,6,3630,0,7,450,0,0,0
Fri Aug 13 09:37:47 2021,0,4350,0,6,3630,0,7,450,0,0,0
Fri Aug 13 09:38:47 2021,0,4350,0,6,3630,0,7,450,0,0,0
Fri Aug 13 09:39:48 2021,0,4350,0,6,3630,0,7,450,0,0,0
Fri Aug 13 09:40:48 2021,0,4350,0,6,3630,0,7,450,0,0,0
Fri Aug 13 09:41:49 2021,0,4350,0,6,3630,0,7,450,0,0,0
Fri Aug 13 09:42:50 2021,0,4350,0,6,3630,0,7,450,0,0,0
Fri Aug 13 09:43:50 2021,0,4350,0,6,3630,0,7,450,0,0,0
Fri Aug 13 09:44:51 2021,0,4350,0,6,3630,0,7,450,0,0,0
Fri Aug 13 09:45:51 2021,0,4350,0,6,3630,0,7,450,0,0,0
Fri Aug 13 09:46:52 2021,0,4350,0,6,3630,0,7,450,0,0,0
Fri Aug 13 09:47:53 2021,0,4350,0,6,3630,0,7,450,0,0,0
Fri Aug 13 09:48:53 2021,0,4350,0,6,3630,0,7,450,0,0,0
Fri Aug 13 09:49:54 2021,0,4350,0,6,3630,0,7,450,0,0,0
Fri Aug 13 09:50:54 2021,0,4350,0,6,3630,0,7,450,0,0,0
Fri Aug 13 09:51:55 2021,0,4350,0,6,3630,0,7,450,0,0,0
Fri Aug 13 09:52:55 2021,0,4350,0,6,3630,0,7,450,0,0,0
Fri Aug 13 09:53:56 2021,0,4350,0,6,3630,0,7,450,0,0,0
Fri Aug 13 09:54:56 2021,0,4350,0,6,3630,0,7,450,0,0,0
Fri Aug 13 09:55:57 2021,0,4350,0,6,3630,0,7,450,0,0,0
Fri Aug 13 09:56:57 2021,0,4350,0,6,3630,0,7,450,0,0,0
Fri Aug 13 09:57:58 2021,0,4350,0,6,3630,0,7,450,0,0,0
Fri Aug 13 09:58:58 2021,0,4350,0,6,3630,0,7,450,0,0,0
Fri Aug 13 09:59:59 2021,0,4350,0,6,3630,0,7,450,0,0,0
Fri Aug 13 10:00:59 2021,0,4350,0,6,3630,0,7,450,0,0,0
Fri Aug 13 10:02:00 2021,0,4350,0,6,3630,0,7,450,0,0,0
Fri Aug 13 10:03:01 2021,0,4350,0,6,3630,0,7,450,0,0,0
Fri Aug 13 10:04:01 2021,0,4350,0,6,3630,0,7,450,0,0,0
Fri Aug 13 10:05:02 2021,0,4350,0,6,3630,0,7,450,0,0,0
Fri Aug 13 10:06:02 2021,0,4350,0,6,3630,0,7,450,0,0,0
Fri Aug 13 10:07:03 2021,0,4350,0,6,3630,0,7,450,0,0,0
Fri Aug 13 10:08:03 2021,0,4350,0,6,3630,0,7,450,0,0,0
Fri Aug 13 10:09:04 2021,0,4350,0,6,3630,0,7,450,0,0,0
Fri Aug 13 10:10:04 2021,0,4350,0,6,3630,0,7,450,0,0,0
Fri Aug 13 10:11:05 2021,0,4350,0,6,3630,0,7,450,0,0,0
Fri Aug 13 10:12:05 2021,0,4350,0,6,3630,0,7,450,0,0,0
Fri Aug 13 10:13:06 2021,0,4350,0,6,3630,0,7,450,0,0,0
Fri Aug 13 10:14:07 2021,0,4350,0,6,3630,0,7,450,0,0,0
Fri Aug 13 10:15:07 2021,0,4350,0,6,3630,0,7,450,0,0,0
Fri Aug 13 10:16:08 2021,0,4350,0,6,3630,0,7,450,0,0,0
Fri Aug 13 10:17:08 2021,0,4350,0,6,3630,0,7,450,0,0,0
Fri Aug 13 10:18:09 2021,0,4350,0,6,3630,0,7,525,0,0,0
Fri Aug 13 10:19:09 2021,0,4350,0,6,3630,0,7,525,0,0,0
Fri Aug 13 10:20:10 2021,0,4350,0,6,3630,0,7,525,0,0,0
Fri Aug 13 10:21:11 2021,0,4350,0,6,3630,0,7,525,0,0,0
Fri Aug 13 10:22:11 2021,0,4350,0,6,3630,0,7,525,0,0,0
Fri Aug 13 10:23:12 2021,0,4350,0,6,3630,0,7,525,0,0,0
Fri Aug 13 10:24:12 2021,0,4350,0,6,3630,0,7,525,0,0,0
Fri Aug 13 10:25:13 2021,0,4350,0,6,3630,0,7,525,0,0,0
Fri Aug 13 10:26:14 2021,0,4350,0,6,3630,0,7,525,0,0,0
Fri Aug 13 10:27:14 2021,0,4350,0,6,3630,0,7,525,0,0,0
Fri Aug 13 10:28:15 2021,0,4350,0,6,3630,0,7,525,0,0,0
Fri Aug 13 10:29:15 2021,0,4350,0,6,3630,0,7,525,0,0,0
Fri Aug 13 10:30:16 2021,0,4350,0,6,3630,0,7,525,0,0,0
Fri Aug 13 10:31:17 2021,0,4350,0,6,3630,0,7,525,0,0,0
Fri Aug 13 10:32:17 2021,0,4350,0,6,3630,0,7,525,0,0,0
Fri Aug 13 10:33:18 2021,0,4350,0,6,3630,0,7,525,0,0,0
Fri Aug 13 10:34:18 2021,0,4350,0,6,3630,0,7,525,0,0,0
Fri Aug 13 10:35:19 2021,0,4350,0,6,3630,0,7,525,0,0,0
Fri Aug 13 10:36:20 2021,0,4350,0,6,3630,0,7,525,0,0,0
Fri Aug 13 10:37:20 2021,0,4350,0,6,3630,0,7,525,0,0,0
Fri Aug 13 10:38:21 2021,0,4350,0,6,3630,0,7,525,0,0,0
Fri Aug 13 10:39:21 2021,0,4350,0,6,3630,0,7,525,0,0,0
Fri Aug 13 10:40:22 2021,0,4350,0,6,3630,0,7,525,0,0,0
Fri Aug 13 10:41:22 2021,0,4350,0,6,3630,0,7,525,0,0,0
Fri Aug 13 10:42:23 2021,0,4350,0,6,3630,0,7,525,0,0,0
Fri Aug 13 10:43:24 2021,0,4350,0,6,3630,0,7,525,0,0,0
Fri Aug 13 10:44:24 2021,0,4350,0,6,3630,0,7,525,0,0,0
Fri Aug 13 10:45:25 2021,0,4350,0,6,3630,0,7,525,0,0,0
Fri Aug 13 10:46:25 2021,0,4350,0,6,3630,0,7,525,0,0,0
Fri Aug 13 10:47:26 2021,0,4350,0,6,3630,0,7,525,0,0,0
Fri Aug 13 10:48:27 2021,0,4350,0,6,3630,0,7,525,0,0,0
Fri Aug 13 10:49:27 2021,0,4350,0,6,3630,0,7,525,0,0,0
Fri Aug 13 10:50:28 2021,0,4350,0,6,3630,0,7,525,0,0,0
Fri Aug 13 10:51:28 2021,0,4350,0,6,3630,0,7,525,0,0,0
Fri Aug 13 10:52:29 2021,0,4350,0,6,3630,0,7,525,0,0,0
Fri Aug 13 10:53:30 2021,0,4350,0,6,3630,0,7,525,0,0,0
Fri Aug 13 10:54:30 2021,0,4350,0,6,3630,0,7,525,0,0,0
Fri Aug 13 10:55:31 2021,0,4350,0,6,3630,0,7,525,0,0,0
Fri Aug 13 10:56:31 2021,0,4350,0,6,3630,0,7,525,0,0,0
Fri Aug 13 10:57:32 2021,0,4350,0,6,3630,0,7,525,0,0,0
Fri Aug 13 10:58:32 2021,0,4350,0,6,3630,0,7,525,0,0,0
Fri Aug 13 10:59:33 2021,0,4350,0,6,3630,0,7,525,0,0,0
Fri Aug 13 11:00:33 2021,0,4350,0,6,3630,0,7,525,0,0,0
Fri Aug 13 11:01:34 2021,0,4350,0,6,3630,0,7,525,0,0,0
Fri Aug 13 11:02:34 2021,0,4350,0,6,3630,0,7,525,0,0,0
Fri Aug 13 11:03:35 2021,0,4350,0,6,3630,0,7,525,0,0,0
Fri Aug 13 11:04:35 2021,0,4350,0,6,3630,0,7,525,0,0,0
Fri Aug 13 11:05:36 2021,0,4350,0,6,3630,0,7,525,0,0,0
Fri Aug 13 11:06:36 2021,0,4350,0,6,3630,0,7,525,0,0,0
Fri Aug 13 11:07:37 2021,0,4350,0,6,3630,0,7,525,0,0,0
Fri Aug 13 11:08:37 2021,0,4350,0,6,3630,0,7,525,0,0,0
Fri Aug 13 11:09:38 2021,0,4350,0,6,3630,0,7,525,0,0,0
Fri Aug 13 11:10:39 2021,0,4350,0,6,3630,0,7,525,0,0,0
Fri Aug 13 11:11:39 2021,0,4350,0,6,3630,0,7,525,0,0,0
Fri Aug 13 11:12:40 2021,0,4350,0,6,3630,0,7,525,0,0,0
Fri Aug 13 11:13:40 2021,0,4350,0,6,3630,0,7,525,0,0,0
Fri Aug 13 11:14:41 2021,0,4350,0,6,3630,0,7,525,0,0,0
Fri Aug 13 11:15:41 2021,0,4350,0,6,3630,0,7,525,0,0,0
Fri Aug 13 11:16:42 2021,0,4350,0,6,3630,0,7,525,0,0,0
Fri Aug 13 11:17:43 2021,0,4350,0,6,3630,0,7,525,0,0,0
Fri Aug 13 11:18:43 2021,0,4350,0,6,3630,0,7,525,0,0,0
Fri Aug 13 11:19:44 2021,0,4350,0,6,3630,0,7,525,0,0,0
Fri Aug 13 11:20:44 2021,0,4350,0,6,3630,0,7,525,0,0,0
Fri Aug 13 11:21:45 2021,0,4350,0,6,3630,0,7,525,0,0,0
Fri Aug 13 11:22:45 2021,0,4350,0,6,3630,0,7,525,0,0,0
Fri Aug 13 11:23:46 2021,0,4350,0,6,3630,0,7,525,0,0,0
Fri Aug 13 11:24:47 2021,0,4350,0,6,3630,0,7,525,0,0,0
Fri Aug 13 11:25:47 2021,0,4350,0,6,3630,0,7,525,0,0,0
Fri Aug 13 11:26:48 2021,0,4350,0,6,3630,0,7,525,0,0,0
Fri Aug 13 11:27:48 2021,0,4350,0,6,3630,0,7,525,0,0,0
Fri Aug 13 11:28:49 2021,0,4350,0,6,3630,0,7,525,0,0,0
Fri Aug 13 11:29:50 2021,0,4350,0,6,3630,0,7,600,0,0,0
Fri Aug 13 11:30:50 2021,0,4350,0,6,3630,0,7,600,0,0,0
Fri Aug 13 11:31:51 2021,0,4350,0,6,3630,0,7,600,0,0,0
Fri Aug 13 11:32:51 2021,0,4350,0,6,3630,0,7,600,0,0,0
Fri Aug 13 11:33:52 2021,0,4350,0,6,3630,0,7,600,0,0,0
Fri Aug 13 11:34:53 2021,0,4350,0,6,3630,0,7,600,0,0,0
Fri Aug 13 11:35:53 2021,0,4350,0,6,3630,0,7,600,0,0,0
Fri Aug 13 11:36:54 2021,0,4350,0,6,3630,0,7,600,0,0,0
Fri Aug 13 11:37:54 2021,0,4350,0,6,3630,0,7,600,0,0,0
Fri Aug 13 11:38:55 2021,0,4350,0,6,3630,0,7,600,0,0,0
Fri Aug 13 11:39:56 2021,0,4350,0,6,3630,0,7,600,0,0,0
Fri Aug 13 11:40:56 2021,0,4350,0,6,3630,0,7,600,0,0,0
Fri Aug 13 11:41:57 2021,0,4350,0,6,3630,0,7,600,0,0,0
Fri Aug 13 11:42:57 2021,0,4350,0,6,3630,0,7,600,0,0,0
Fri Aug 13 11:43:58 2021,0,4350,0,6,3630,0,7,600,0,0,0
Fri Aug 13 11:44:59 2021,0,4350,0,6,3630,0,7,600,0,0,0
Fri Aug 13 11:45:59 2021,0,4350,0,6,3630,0,7,600,0,0,0
Fri Aug 13 11:47:00 2021,0,4350,0,6,3630,0,7,600,0,0,0
Fri Aug 13 11:48:00 2021,0,4350,0,6,3630,0,7,600,0,0,0
Fri Aug 13 11:49:01 2021,0,4350,0,6,3630,0,7,600,0,0,0
Fri Aug 13 11:50:02 2021,0,4350,0,6,3630,0,7,600,0,0,0
Fri Aug 13 11:51:02 2021,0,4350,0,6,3630,0,7,600,0,0,0
Fri Aug 13 11:52:03 2021,0,4350,0,6,3630,0,7,600,0,0,0
Fri Aug 13 11:53:03 2021,0,4350,0,6,3630,0,7,600,0,0,0
Fri Aug 13 11:54:04 2021,0,4350,0,6,3630,0,7,600,0,0,0
Fri Aug 13 11:55:05 2021,0,4350,0,6,3630,0,7,600,0,0,0
Fri Aug 13 11:56:05 2021,0,4350,0,6,3630,0,7,600,0,0,0
Fri Aug 13 11:57:06 2021,0,4350,0,6,3630,0,7,600,0,0,0
Fri Aug 13 11:58:06 2021,0,4350,0,6,3630,0,7,600,0,0,0
Fri Aug 13 11:59:07 2021,0,4350,0,6,3630,0,7,600,0,0,0
Fri Aug 13 12:00:08 2021,0,4350,0,6,3630,0,7,600,0,0,0
Fri Aug 13 12:01:08 2021,0,4350,0,6,3630,0,7,600,0,0,0
Fri Aug 13 12:02:09 2021,0,4350,0,6,3630,0,7,600,0,0,0
Fri Aug 13 12:03:09 2021,0,4350,0,6,3630,0,7,600,0,0,0
Fri Aug 13 12:04:10 2021,0,4350,0,6,3630,0,7,600,0,0,0
Fri Aug 13 12:05:11 2021,0,4350,0,6,3630,0,7,600,0,0,0
Fri Aug 13 12:06:11 2021,0,4350,0,6,3630,0,7,600,0,0,0
Fri Aug 13 12:07:12 2021,0,4350,0,6,3630,0,7,600,0,0,0
Fri Aug 13 12:08:12 2021,0,4350,0,6,3630,0,7,600,0,0,0
Fri Aug 13 12:09:13 2021,0,4350,0,6,3630,0,7,600,0,0,0
Fri Aug 13 12:10:14 2021,0,4350,0,6,3630,0,7,600,0,0,0
Fri Aug 13 12:11:14 2021,0,4350,0,6,3630,0,7,600,0,0,0
Fri Aug 13 12:12:15 2021,0,4350,0,6,3630,0,7,600,0,0,0
Fri Aug 13 12:13:15 2021,0,4350,0,6,3630,0,7,600,0,0,0
Fri Aug 13 12:14:16 2021,0,4350,0,6,3630,0,7,600,0,0,0
Fri Aug 13 12:15:17 2021,0,4350,0,6,3630,0,7,600,0,0,0
Fri Aug 13 12:16:17 2021,0,4350,0,6,3630,0,7,600,0,0,0
Fri Aug 13 12:17:18 2021,0,4350,0,6,3630,0,7,600,0,0,0
Fri Aug 13 12:18:18 2021,0,4350,0,6,3630,0,7,600,0,0,0
Fri Aug 13 12:19:19 2021,0,4350,0,6,3630,0,7,600,0,0,0
Fri Aug 13 12:20:20 2021,0,4350,0,6,3630,0,7,600,0,0,0
Fri Aug 13 12:21:20 2021,0,4350,0,6,3630,0,7,600,0,0,0
Fri Aug 13 12:22:21 2021,0,4350,0,6,3630,0,7,600,0,0,0
Fri Aug 13 12:23:21 2021,0,4350,0,6,3630,0,7,600,0,0,0
Fri Aug 13 12:24:22 2021,0,4350,0,6,3630,0,7,600,0,0,0
Fri Aug 13 12:25:23 2021,0,4350,0,6,3630,0,7,600,0,0,0
Fri Aug 13 12:26:23 2021,0,4350,0,6,3630,0,7,600,0,0,0
Fri Aug 13 12:27:24 2021,0,4350,0,6,3630,0,7,600,0,0,0
Fri Aug 13 12:28:24 2021,0,4350,0,6,3630,0,7,600,0,0,0
Fri Aug 13 12:29:25 2021,0,4350,0,6,3630,0,7,600,0,0,0
Fri Aug 13 12:30:26 2021,0,4350,0,6,3630,0,7,600,0,0,0
Fri Aug 13 12:31:26 2021,0,4350,0,6,3630,0,7,600,0,0,0
Fri Aug 13 12:32:27 2021,0,4350,0,6,3630,0,7,600,0,0,0
Fri Aug 13 12:33:27 2021,0,4350,0,6,3630,0,7,600,0,0,0
Fri Aug 13 12:34:28 2021,0,4350,0,6,3630,0,7,600,0,0,0
Fri Aug 13 12:35:28 2021,0,4350,0,6,3630,0,7,600,0,0,0
Fri Aug 13 12:36:29 2021,0,4350,0,6,3630,0,7,600,0,0,0
Fri Aug 13 12:37:30 2021,0,4350,0,6,3630,0,7,600,0,0,0
Fri Aug 13 12:38:30 2021,0,4350,0,6,3630,0,7,600,0,0,0
Fri Aug 13 12:39:31 2021,0,4350,0,6,3630,0,7,600,0,0,0
Fri Aug 13 12:40:31 2021,0,4350,0,6,3630,0,7,600,0,0,0
Fri Aug 13 12:41:32 2021,0,4350,0,6,3630,0,7,600,0,0,0
Fri Aug 13 12:42:33 2021,0,4350,0,6,3630,0,7,600,0,0,0
Fri Aug 13 12:43:33 2021,0,4350,0,6,3630,0,7,600,0,0,0
Fri Aug 13 12:44:34 2021,0,4350,0,6,3630,0,7,600,0,0,0
Fri Aug 13 12:45:34 2021,0,4350,0,6,3630,0,7,600,0,0,0
Fri Aug 13 12:46:35 2021,0,4350,0,6,3630,0,7,600,0,0,0
Fri Aug 13 12:47:35 2021,0,4350,0,6,3630,0,7,600,0,0,0
Fri Aug 13 12:48:36 2021,0,4350,0,6,3630,0,7,600,0,0,0
Fri Aug 13 12:49:37 2021,0,4350,0,6,3630,0,7,600,0,0,0
Fri Aug 13 12:50:37 2021,0,4350,0,6,3630,0,7,600,0,0,0
Fri Aug 13 12:51:38 2021,0,4350,0,6,3630,0,7,600,0,0,0
Fri Aug 13 12:52:38 2021,0,4350,0,6,3630,0,7,600,0,0,0
Fri Aug 13 12:53:39 2021,0,4350,0,6,3630,0,7,600,0,0,0
Fri Aug 13 12:54:40 2021,0,4350,0,6,3630,0,7,600,0,0,0
Fri Aug 13 12:55:40 2021,0,4350,0,6,3630,0,7,600,0,0,0
Fri Aug 13 12:56:41 2021,0,4350,0,6,3630,0,7,600,0,0,0
Fri Aug 13 12:57:41 2021,0,4350,0,6,3630,0,7,600,0,0,0
Fri Aug 13 12:58:42 2021,0,4350,0,6,3630,0,7,600,0,0,0
Fri Aug 13 12:59:43 2021,0,4350,0,6,3630,0,7,600,0,0,0
Fri Aug 13 13:00:43 2021,0,4350,0,6,3630,0,7,600,0,0,0
Fri Aug 13 13:01:44 2021,0,4350,0,6,3630,0,7,600,0,0,0
Fri Aug 13 13:02:44 2021,0,4350,0,6,3630,0,7,600,0,0,0
Fri Aug 13 13:03:45 2021,0,4350,0,6,3630,0,7,600,0,0,0
Fri Aug 13 13:04:45 2021,0,4350,0,6,3630,0,7,600,0,0,0
Fri Aug 13 13:05:46 2021,0,4350,0,6,3630,0,7,600,0,0,0
Fri Aug 13 13:06:47 2021,0,4350,0,6,3630,0,7,600,0,0,0
Fri Aug 13 13:07:47 2021,0,4350,0,6,3630,0,7,600,0,0,0
Fri Aug 13 13:08:48 2021,0,4350,0,6,3630,0,7,600,0,0,0
Fri Aug 13 13:09:48 2021,0,4350,0,6,3630,0,7,600,0,0,0
Fri Aug 13 13:10:49 2021,0,4350,0,6,3630,0,7,600,0,0,0
Fri Aug 13 13:11:49 2021,0,4350,0,6,3630,0,7,600,0,0,0
Fri Aug 13 13:12:50 2021,0,4350,0,6,3630,0,7,600,0,0,0
Fri Aug 13 13:13:50 2021,0,4350,0,6,3630,0,7,600,0,0,0
Fri Aug 13 13:14:51 2021,0,4350,0,6,3630,0,7,600,0,0,0
Fri Aug 13 13:15:52 2021,0,4350,0,6,3630,0,7,600,0,0,0
Fri Aug 13 13:16:52 2021,0,4350,0,6,3630,0,7,600,0,0,0
Fri Aug 13 13:17:53 2021,0,4350,0,6,3630,0,7,600,0,0,0
Fri Aug 13 13:18:53 2021,0,4350,0,6,3630,0,7,600,0,0,0
Fri Aug 13 13:19:54 2021,0,4350,0,6,3630,0,7,600,0,0,0
Fri Aug 13 13:20:54 2021,0,4350,0,6,3630,0,7,600,0,0,0
Fri Aug 13 13:21:55 2021,0,4350,0,6,3630,0,7,600,0,0,0
Fri Aug 13 13:22:55 2021,0,4350,0,6,3630,0,7,600,0,0,0
Fri Aug 13 13:23:56 2021,0,4350,0,6,3630,0,7,600,0,0,0
Fri Aug 13 13:24:56 2021,0,4350,0,6,3630,0,7,600,0,0,0
Fri Aug 13 13:25:57 2021,0,4350,0,6,3630,0,7,600,0,0,0
Fri Aug 13 13:26:58 2021,0,4350,0,6,3630,0,7,600,0,0,0
Fri Aug 13 13:27:58 2021,0,4350,0,6,3630,0,7,600,0,0,0
Fri Aug 13 13:28:59 2021,0,4350,0,6,3630,0,7,600,0,0,0
Fri Aug 13 13:29:59 2021,0,4350,0,6,3630,0,7,600,0,0,0
Fri Aug 13 13:31:00 2021,0,4350,0,6,3630,0,7,600,0,0,0
Fri Aug 13 13:32:00 2021,0,4350,0,6,3630,0,7,600,0,0,0
Fri Aug 13 13:33:01 2021,0,4350,0,6,3630,0,7,600,0,0,0
Fri Aug 13 13:34:01 2021,0,4350,0,6,3630,0,7,600,0,0,0
Fri Aug 13 13:35:02 2021,0,4350,0,6,3630,0,7,600,0,0,0
Fri Aug 13 13:36:02 2021,0,4350,0,6,3630,0,7,600,0,0,0
Fri Aug 13 13:37:03 2021,0,4350,0,6,3630,0,7,600,0,0,0
Fri Aug 13 13:38:04 2021,0,4350,0,6,3630,0,7,600,0,0,0
Fri Aug 13 13:39:04 2021,0,4350,0,6,3630,0,7,600,0,0,0
Fri Aug 13 13:40:05 2021,0,4350,0,6,3630,0,7,600,0,0,0
Fri Aug 13 13:41:05 2021,0,4350,0,6,3630,0,7,600,0,0,0
Fri Aug 13 13:42:06 2021,0,4350,0,6,3630,0,7,600,0,0,0
Fri Aug 13 13:43:06 2021,0,4350,0,6,3630,0,7,600,0,0,0
Fri Aug 13 13:44:07 2021,0,4350,0,6,3630,0,7,600,0,0,0
Fri Aug 13 13:45:07 2021,0,4350,0,6,3630,0,7,600,0,0,0
Fri Aug 13 13:46:08 2021,0,4350,0,6,3630,0,7,600,0,0,0
Fri Aug 13 13:47:08 2021,0,4350,0,6,3630,0,7,600,0,0,0
Fri Aug 13 13:48:09 2021,0,4350,0,6,3630,0,7,600,0,0,0
Fri Aug 13 13:49:09 2021,0,4350,0,6,3630,0,7,600,0,0,0
Fri Aug 13 13:50:10 2021,0,4350,0,6,3630,0,7,600,0,0,0
Fri Aug 13 13:51:10 2021,0,4350,0,6,3630,0,7,600,0,0,0
Fri Aug 13 13:52:11 2021,0,4350,0,6,3630,0,7,600,0,0,0
Fri Aug 13 13:53:11 2021,0,4350,0,6,3630,0,7,600,0,0,0
Fri Aug 13 13:54:12 2021,0,4350,0,6,3630,0,7,600,0,0,0
Fri Aug 13 13:55:13 2021,0,4350,0,6,3630,0,7,600,0,0,0
Fri Aug 13 13:56:13 2021,0,4350,0,6,3630,0,7,600,0,0,0
Fri Aug 13 13:57:14 2021,0,4350,0,6,3630,0,7,600,0,0,0
Fri Aug 13 13:58:14 2021,0,4350,0,6,3630,0,7,600,0,0,0
Fri Aug 13 13:59:15 2021,0,4350,0,6,3630,0,7,600,0,0,0
Fri Aug 13 14:00:15 2021,0,4350,0,6,3630,0,7,600,0,0,0
Fri Aug 13 14:01:16 2021,0,4350,0,6,3630,0,7,600,0,0,0
Fri Aug 13 14:02:16 2021,0,4350,0,6,3630,0,7,600,0,0,0
Fri Aug 13 14:03:17 2021,0,4350,0,6,3630,0,7,600,0,0,0
Fri Aug 13 14:04:17 2021,0,4350,0,6,3630,0,7,600,0,0,0
Fri Aug 13 14:05:18 2021,0,4350,0,6,3630,0,7,600,0,0,0
Fri Aug 13 14:06:19 2021,0,4350,0,6,3630,0,7,600,0,0,0
Fri Aug 13 14:07:19 2021,0,4350,0,6,3630,0,7,600,0,0,0
Fri Aug 13 14:08:20 2021,0,4350,0,6,3630,0,7,600,0,0,0
Fri Aug 13 14:09:20 2021,0,4350,0,6,3630,0,7,600,0,0,0
Fri Aug 13 14:10:21 2021,0,4350,0,6,3630,0,7,600,0,0,0
Fri Aug 13 14:11:22 2021,0,4350,0,6,3630,0,7,600,0,0,0
Fri Aug 13 14:12:22 2021,0,4350,0,6,3630,0,7,600,0,0,0
Fri Aug 13 14:13:23 2021,0,4350,0,6,3630,0,7,600,0,0,0
Fri Aug 13 14:14:23 2021,0,4350,0,6,3630,0,7,600,0,0,0
Fri Aug 13 14:15:24 2021,0,4350,0,6,3630,0,7,600,0,0,0
Fri Aug 13 14:16:24 2021,0,4350,0,6,3630,0,7,600,0,0,0
Fri Aug 13 14:17:25 2021,0,4350,0,6,3630,0,7,600,0,0,0
Fri Aug 13 14:18:26 2021,0,4350,0,6,3630,0,7,600,0,0,0
Fri Aug 13 14:19:26 2021,0,4350,0,6,3630,0,7,600,0,0,0
Fri Aug 13 14:20:27 2021,0,4350,0,6,3630,0,7,675,0,0,0
Fri Aug 13 14:21:27 2021,0,4350,0,6,3630,0,7,675,0,0,0
Fri Aug 13 14:22:28 2021,0,4350,0,6,3630,0,7,675,0,0,0
Fri Aug 13 14:23:29 2021,0,4350,0,6,3630,0,7,675,0,0,0
Fri Aug 13 14:24:29 2021,0,4350,0,6,3630,0,7,675,0,0,0
Fri Aug 13 14:25:30 2021,0,4350,0,6,3630,0,7,675,0,0,0
Fri Aug 13 14:26:30 2021,0,4350,0,6,3630,0,7,675,0,0,0
Fri Aug 13 14:27:31 2021,0,4350,0,6,3630,0,7,675,0,0,0
Fri Aug 13 14:28:31 2021,0,4350,0,6,3630,0,7,675,0,0,0
Fri Aug 13 14:29:32 2021,0,4350,0,6,3630,0,7,675,0,0,0
Fri Aug 13 14:30:32 2021,0,4350,0,6,3630,0,7,675,0,0,0
Fri Aug 13 14:31:33 2021,0,4350,0,6,3630,0,7,675,0,0,0
Fri Aug 13 14:32:33 2021,0,4350,0,6,3630,0,7,675,0,0,0
Fri Aug 13 14:33:34 2021,0,4350,0,6,3630,0,7,675,0,0,0
Fri Aug 13 14:34:35 2021,0,4350,0,6,3630,0,7,675,0,0,0
Fri Aug 13 14:35:35 2021,0,4350,0,6,3630,0,7,675,0,0,0
Fri Aug 13 14:36:36 2021,0,4350,0,6,3630,0,7,675,0,0,0
Fri Aug 13 14:37:36 2021,0,4350,0,6,3630,0,7,675,0,0,0
Fri Aug 13 14:38:37 2021,0,4350,0,6,3630,0,7,675,0,0,0
Fri Aug 13 14:39:38 2021,0,4350,0,6,3630,0,7,675,0,0,0
Fri Aug 13 14:40:38 2021,0,4350,0,6,3630,0,7,675,0,0,0
Fri Aug 13 14:41:39 2021,0,4350,0,6,3630,0,7,675,0,0,0
Fri Aug 13 14:42:39 2021,0,4350,0,6,3630,0,7,675,0,0,0
Fri Aug 13 14:43:40 2021,0,4350,0,6,3630,0,7,675,0,0,0
Fri Aug 13 14:44:40 2021,0,4350,0,6,3630,0,7,675,0,0,0
Fri Aug 13 14:45:41 2021,0,4350,0,6,3630,0,7,675,0,0,0
Fri Aug 13 14:46:42 2021,0,4350,0,6,3630,0,7,675,0,0,0
Fri Aug 13 14:47:42 2021,0,4350,0,6,3630,0,7,675,0,0,0
Fri Aug 13 14:48:43 2021,0,4350,0,6,3630,0,7,675,0,0,0
Fri Aug 13 14:49:43 2021,0,4350,0,6,3630,0,7,675,0,0,0
Fri Aug 13 14:50:44 2021,0,4350,0,6,3630,0,7,675,0,0,0
Fri Aug 13 14:51:45 2021,0,4350,0,6,3630,0,7,675,0,0,0
Fri Aug 13 14:52:45 2021,0,4350,0,6,3630,0,7,675,0,0,0
Fri Aug 13 14:53:46 2021,0,4350,0,6,3630,0,7,675,0,0,0
Fri Aug 13 14:54:46 2021,0,4350,0,6,3630,0,7,675,0,0,0
Fri Aug 13 14:55:47 2021,0,4350,0,6,3630,0,7,675,0,10.3226,0
Fri Aug 13 14:56:48 2021,0,4350,0,6,3630,0,7,675,0,0,0
Fri Aug 13 14:57:48 2021,0,4350,0,6,3630,0,7,675,0,0,0
Fri Aug 13 14:58:49 2021,0,4350,0,6,3630,0,7,675,0,0,0
Fri Aug 13 14:59:49 2021,0,4350,0,6,3630,0,7,675,0,0,0
Fri Aug 13 15:00:50 2021,0,4350,0,6,3630,0,7,675,0,0,0
Fri Aug 13 15:01:51 2021,0,4350,0,6,3630,0,7,675,0,0,0
Fri Aug 13 15:02:51 2021,0,4350,0,6,3630,0,7,675,0,0,0
Fri Aug 13 15:03:52 2021,0,4350,0,6,3630,0,7,675,0,0,0
Fri Aug 13 15:04:52 2021,0,4350,0,6,3630,0,7,675,0,0,0
Fri Aug 13 15:05:53 2021,0,4350,0,6,3630,0,7,675,0,0,0
Fri Aug 13 15:06:54 2021,0,4350,0,6,3630,0,7,675,0,0,0
Fri Aug 13 15:07:54 2021,0,4350,0,6,3630,0,7,675,0,0,0
Fri Aug 13 15:08:55 2021,0,4350,0,6,3630,0,7,675,0,0,0
Fri Aug 13 15:09:56 2021,0,4350,0,6,3630,0,7,675,0,0,0
Fri Aug 13 15:10:56 2021,0,4350,0,6,3630,0,7,675,0,0,0
Fri Aug 13 15:11:57 2021,0,4350,0,6,3630,0,7,675,0,0,0
Fri Aug 13 15:12:57 2021,0,4350,0,6,3630,0,7,675,0,0,0
Fri Aug 13 15:13:58 2021,0,4350,0,6,3630,0,7,675,0,0,0
Fri Aug 13 15:14:59 2021,0,4350,0,6,3630,0,7,675,0,0,0
Fri Aug 13 15:15:59 2021,0,4350,0,6,3630,0,7,675,0,0,0
Fri Aug 13 15:17:00 2021,0,4350,0,6,3630,0,7,675,0,0,0
Fri Aug 13 15:18:00 2021,0,4350,0,6,3630,0,7,675,0,0,0
Fri Aug 13 15:19:01 2021,0,4350,0,6,3630,0,7,675,0,0,0
Fri Aug 13 15:20:02 2021,0,4350,0,6,3630,0,7,675,0,0,0
Fri Aug 13 15:21:02 2021,0,4350,0,6,3630,0,7,675,0,0,0
Fri Aug 13 15:22:03 2021,0,4350,0,6,3630,0,7,675,0,0,0
Fri Aug 13 15:23:03 2021,0,4350,0,6,3630,0,7,675,0,0,0
Fri Aug 13 15:24:04 2021,0,4350,0,6,3630,0,7,675,0,0,0
Fri Aug 13 15:25:04 2021,0,4350,0,6,3630,0,7,675,0,0,0
Fri Aug 13 15:26:05 2021,0,4350,0,6,3630,0,7,675,0,0,0
Fri Aug 13 15:27:06 2021,0,4350,0,6,3630,0,7,675,0,0,0
Fri Aug 13 15:28:06 2021,0,4350,0,6,3630,0,7,675,0,0,0
Fri Aug 13 15:29:07 2021,0,4350,0,6,3630,0,7,675,0,0,0
Fri Aug 13 15:30:07 2021,0,4350,0,6,3630,0,7,675,0,0,0
Fri Aug 13 15:31:08 2021,0,4350,0,6,3630,0,7,675,0,0,0
Fri Aug 13 15:32:09 2021,0,4350,0,6,3630,0,7,675,0,0,0
Fri Aug 13 15:33:09 2021,0,4350,0,6,3630,0,7,675,0,0,0
Fri Aug 13 15:34:10 2021,0,4350,0,6,3630,0,7,675,0,0,0
Fri Aug 13 15:35:10 2021,0,4350,0,6,3630,0,7,675,0,0,0
Fri Aug 13 15:36:11 2021,0,4350,0,6,3630,0,7,675,0,0,0
Fri Aug 13 15:37:12 2021,0,4350,0,6,3630,0,7,675,0,0,0
Fri Aug 13 15:38:12 2021,0,4350,0,6,3630,0,7,675,0,0,0
Fri Aug 13 15:39:13 2021,0,4350,0,6,3630,0,7,675,0,0,0
Fri Aug 13 15:40:13 2021,0,4350,0,6,3630,0,7,675,0,0,0
Fri Aug 13 15:41:14 2021,0,4350,0,6,3630,0,7,675,0,0,0
Fri Aug 13 15:42:15 2021,0,4350,0,6,3630,0,7,675,0,0,0
Fri Aug 13 15:43:15 2021,0,4350,0,6,3630,0,7,675,0,0,0
Fri Aug 13 15:44:16 2021,0,4350,0,6,3630,0,7,675,0,0,0
Fri Aug 13 15:45:16 2021,0,4350,0,6,3630,0,7,675,0,0,0
Fri Aug 13 15:46:17 2021,0,4350,0,6,3630,0,7,675,0,0,0
Fri Aug 13 15:47:17 2021,0,4350,0,6,3630,0,7,675,0,0,0
Fri Aug 13 15:48:18 2021,0,4350,0,6,3630,0,7,675,0,0,0
Fri Aug 13 15:49:18 2021,0,4350,0,6,3630,0,7,675,0,0,0
Fri Aug 13 15:50:19 2021,0,4350,0,6,3630,0,7,675,0,0,0
Fri Aug 13 15:51:19 2021,0,4350,0,6,3630,0,7,675,0,0,0
Fri Aug 13 15:52:20 2021,0,4350,0,6,3630,0,7,675,0,0,0
Fri Aug 13 15:53:20 2021,0,4350,0,6,3630,0,7,675,0,0,0
Fri Aug 13 15:54:21 2021,0,4350,0,6,3630,0,7,675,0,0,0
Fri Aug 13 15:55:21 2021,0,4350,0,6,3630,0,7,675,0,0,0
Fri Aug 13 15:56:22 2021,0,4350,0,6,3630,0,7,675,0,0,0
Fri Aug 13 15:57:22 2021,0,4350,0,6,3630,0,7,675,0,0,0
Fri Aug 13 15:58:23 2021,0,4350,0,6,3630,0,7,675,0,0,0
Fri Aug 13 15:59:23 2021,0,4350,0,6,3630,0,7,675,0,0,0
Fri Aug 13 16:00:24 2021,0,4350,0,6,3630,0,7,675,0,0,0
Fri Aug 13 16:01:24 2021,0,4350,0,6,3630,0,7,675,0,0,0
Fri Aug 13 16:02:25 2021,0,4350,0,6,3630,0,7,675,0,0,0
Fri Aug 13 16:03:26 2021,0,4350,0,6,3630,0,7,675,0,0,0
Fri Aug 13 16:04:26 2021,0,4350,0,6,3630,0,7,675,0,0,0
Fri Aug 13 16:05:27 2021,0,4350,0,6,3630,0,7,675,0,0,0
Fri Aug 13 16:06:27 2021,0,4350,0,6,3630,0,7,675,0,0,0
Fri Aug 13 16:07:28 2021,0,4350,0,6,3630,0,7,675,0,0,0
Fri Aug 13 16:08:28 2021,0,4350,0,6,3630,0,7,675,0,0,0
Fri Aug 13 16:09:29 2021,0,4350,0,6,3630,0,7,750,0,0,0
Fri Aug 13 16:10:29 2021,0,4350,0,6,3630,0,7,750,0,0,0
Fri Aug 13 16:11:30 2021,0,4350,0,6,3630,0,7,750,0,0,0
Fri Aug 13 16:12:30 2021,0,4350,0,6,3630,0,7,750,0,0,0
Fri Aug 13 16:13:31 2021,0,4350,0,6,3630,0,7,750,0,0,0
Fri Aug 13 16:14:31 2021,0,4350,0,6,3630,0,7,750,0,0,0
Fri Aug 13 16:15:32 2021,0,4350,0,6,3630,0,7,750,0,0,0
Fri Aug 13 16:16:33 2021,0,4350,0,6,3630,0,7,750,0,0,0
Fri Aug 13 16:17:33 2021,0,4350,0,6,3630,0,7,750,0,0,0
Fri Aug 13 16:18:34 2021,0,4350,0,6,3630,0,7,750,0,0,0
Fri Aug 13 16:19:34 2021,0,4350,0,6,3630,0,7,750,0,0,0
Fri Aug 13 16:20:35 2021,0,4350,0,6,3630,0,7,750,0,0,0
Fri Aug 13 16:21:36 2021,0,4350,0,6,3630,0,7,750,0,0,0
Fri Aug 13 16:22:36 2021,0,4350,0,6,3630,0,7,750,0,0,0
Fri Aug 13 16:23:37 2021,0,4350,0,6,3630,0,7,750,0,0,0
Fri Aug 13 16:24:38 2021,0,4350,0,6,3630,0,7,750,0,0,0
Fri Aug 13 16:25:38 2021,0,4350,0,6,3630,0,7,750,0,0,0
Fri Aug 13 16:26:39 2021,0,4350,0,6,3630,0,7,750,0,0,0
Fri Aug 13 16:27:39 2021,0,4350,0,6,3630,0,7,750,0,0,0
Fri Aug 13 16:28:40 2021,0,4350,0,6,3630,0,7,750,0,0,0
Fri Aug 13 16:29:41 2021,0,4350,0,6,3630,0,7,750,0,0,0
Fri Aug 13 16:30:41 2021,0,4350,0,6,3630,0,7,750,0,0,0
Fri Aug 13 16:31:42 2021,0,4350,0,6,3630,0,7,750,0,0,0
Fri Aug 13 16:32:42 2021,0,4350,0,6,3630,0,7,750,0,0,0
Fri Aug 13 16:33:43 2021,0,4350,0,6,3630,0,7,750,0,0,0
Fri Aug 13 16:34:44 2021,0,4350,0,6,3630,0,7,750,0,0,0
Fri Aug 13 16:35:44 2021,0,4350,0,6,3630,0,7,750,0,0,0
Fri Aug 13 16:36:45 2021,0,4350,0,6,3630,0,7,750,0,0,0
Fri Aug 13 16:37:45 2021,0,4350,0,6,3630,0,7,750,0,0,0
Fri Aug 13 16:38:46 2021,0,4350,0,6,3630,0,7,750,0,0,0
Fri Aug 13 16:39:47 2021,0,4350,0,6,3630,0,7,750,0,0,0
Fri Aug 13 16:40:47 2021,0,4350,0,6,3630,0,7,750,0,0,0
Fri Aug 13 16:41:48 2021,0,4350,0,6,3630,0,7,750,0,0,0
Fri Aug 13 16:42:48 2021,0,4350,0,6,3630,0,7,750,0,0,0
Fri Aug 13 16:43:49 2021,0,4350,0,6,3630,0,7,750,0,0,0
Fri Aug 13 16:44:49 2021,0,4350,0,6,3630,0,7,750,0,0,0
Fri Aug 13 16:45:50 2021,0,4350,0,6,3630,0,7,750,0,0,0
Fri Aug 13 16:46:51 2021,0,4350,0,6,3630,0,7,750,0,0,0
Fri Aug 13 16:47:51 2021,0,4350,0,6,3630,0,7,750,0,0,0
Fri Aug 13 16:48:52 2021,0,4350,0,6,3630,0,7,750,0,0,0
Fri Aug 13 16:49:53 2021,0,4350,0,6,3630,0,7,750,0,0,0
Fri Aug 13 16:50:53 2021,0,4350,0,6,3630,0,7,750,0,0,0
Fri Aug 13 16:51:54 2021,0,4350,0,6,3630,0,7,750,0,0,0
Fri Aug 13 16:52:54 2021,0,4350,0,6,3630,0,7,750,0,0,0
Fri Aug 13 16:53:55 2021,0,4350,0,6,3630,0,7,750,0,0,0
Fri Aug 13 16:54:56 2021,0,4350,0,6,3630,0,7,750,0,0,0
Fri Aug 13 16:55:56 2021,0,4350,0,6,3630,0,7,750,0,0,0
Fri Aug 13 16:56:57 2021,0,4350,0,6,3630,0,7,750,0,0,0
Fri Aug 13 16:57:57 2021,0,4350,0,6,3630,0,7,750,0,0,0
Fri Aug 13 16:58:58 2021,0,4350,0,6,3630,0,7,750,0,0,0
Fri Aug 13 16:59:58 2021,0,4350,0,6,3630,0,7,750,0,0,0
Fri Aug 13 17:00:59 2021,0,4350,0,6,3630,0,7,750,0,0,0
Fri Aug 13 17:02:00 2021,0,4350,0,6,3630,0,7,750,0,0,0
Fri Aug 13 17:03:00 2021,0,4350,0,6,3630,0,7,750,0,0,0
Fri Aug 13 17:04:01 2021,0,4350,0,6,3630,0,7,750,0,0,0
Fri Aug 13 17:05:01 2021,0,4350,0,6,3630,0,7,750,0,0,0
Fri Aug 13 17:06:02 2021,0,4350,0,6,3630,0,7,750,0,0,0
Fri Aug 13 17:07:03 2021,0,4350,0,6,3630,0,7,750,0,0,0
Fri Aug 13 17:08:03 2021,0,4350,0,6,3630,0,7,750,0,0,0
Fri Aug 13 17:09:04 2021,0,4350,0,6,3630,0,7,750,0,0,0
Fri Aug 13 17:10:04 2021,0,4350,0,6,3630,0,7,750,0,0,0
Fri Aug 13 17:11:05 2021,0,4350,0,6,3630,0,7,750,0,0,0
Fri Aug 13 17:12:06 2021,0,4350,0,6,3630,0,7,750,0,0,0
Fri Aug 13 17:13:06 2021,0,4350,0,6,3630,0,7,750,0,0,0
Fri Aug 13 17:14:07 2021,0,4350,0,6,3630,0,7,750,0,0,0
Fri Aug 13 17:15:07 2021,0,4350,0,6,3630,0,7,750,0,0,0
Fri Aug 13 17:16:08 2021,0,4350,0,6,3630,0,7,750,0,0,0
Fri Aug 13 17:17:09 2021,0,4350,0,6,3630,0,7,750,0,0,0
Fri Aug 13 17:18:09 2021,0,4350,0,6,3630,0,7,750,0,0,0
Fri Aug 13 17:19:10 2021,0,4350,0,6,3630,0,7,750,0,0,0
Fri Aug 13 17:20:10 2021,0,4350,0,6,3630,0,7,750,0,0,0
Fri Aug 13 17:21:11 2021,0,4350,0,6,3630,0,7,750,0,0,0
Fri Aug 13 17:22:12 2021,0,4350,0,6,3630,0,7,750,0,0,0
Fri Aug 13 17:23:12 2021,0,4350,0,6,3630,0,7,750,0,0,0
Fri Aug 13 17:24:13 2021,0,4350,0,6,3630,0,7,750,0,0,0
Fri Aug 13 17:25:13 2021,0,4350,0,6,3630,0,7,750,0,0,0
Fri Aug 13 17:26:14 2021,0,4350,0,6,3630,0,7,750,0,0,0
Fri Aug 13 17:27:15 2021,0,4350,0,6,3630,0,7,750,0,0,0
Fri Aug 13 17:28:15 2021,0,4350,0,6,3630,0,7,750,0,0,0
Fri Aug 13 17:29:16 2021,0,4350,0,6,3630,0,7,750,0,0,0
Fri Aug 13 17:30:16 2021,0,4350,0,6,3630,0,7,750,0,0,0
Fri Aug 13 17:31:17 2021,0,4350,0,6,3630,0,7,750,0,0,0
Fri Aug 13 17:32:18 2021,0,4350,0,6,3630,0,7,750,0,0,0
Fri Aug 13 17:33:18 2021,0,4350,0,6,3630,0,7,750,0,0,0
Fri Aug 13 17:34:19 2021,0,4350,0,6,3630,0,7,750,0,0,0
Fri Aug 13 17:35:19 2021,0,4350,0,6,3630,0,7,750,0,0,0
Fri Aug 13 17:36:20 2021,0,4350,0,6,3630,0,7,750,0,0,0
Fri Aug 13 17:37:21 2021,0,4350,0,6,3630,0,7,750,0,0,0
Fri Aug 13 17:38:21 2021,0,4350,0,6,3630,0,7,750,0,0,0
Fri Aug 13 17:39:22 2021,0,4350,0,6,3630,0,7,750,0,0,0
Fri Aug 13 17:40:22 2021,0,4350,0,6,3630,0,7,750,0,0,0
Fri Aug 13 17:41:23 2021,0,4350,0,6,3630,0,7,750,0,0,0
Fri Aug 13 17:42:24 2021,0,4350,0,6,3630,0,7,750,0,0,0
Fri Aug 13 17:43:24 2021,0,4350,0,6,3630,0,7,750,0,0,0
Fri Aug 13 17:44:25 2021,0,4350,0,6,3630,0,7,750,0,0,0
Fri Aug 13 17:45:25 2021,0,4350,0,6,3630,0,7,750,0,0,0
Fri Aug 13 17:46:26 2021,0,4350,0,6,3630,0,7,750,0,0,0
Fri Aug 13 17:47:26 2021,0,4350,0,6,3630,0,7,750,0,0,0
Fri Aug 13 17:48:27 2021,0,4350,0,6,3630,0,7,750,0,0,0
Fri Aug 13 17:49:27 2021,0,4350,0,6,3630,0,7,750,0,0,0
Fri Aug 13 17:50:28 2021,0,4350,0,6,3630,0,7,750,0,0,0
Fri Aug 13 17:51:29 2021,0,4350,0,6,3630,0,7,750,0,0,0
Fri Aug 13 17:52:29 2021,0,4350,0,6,3630,0,7,750,0,0,0
Fri Aug 13 17:53:30 2021,0,4350,0,6,3630,0,7,750,0,0,0
Fri Aug 13 17:54:30 2021,0,4350,0,6,3630,0,7,750,0,0,0
Fri Aug 13 17:55:31 2021,0,4350,0,6,3630,0,7,750,0,0,0
Fri Aug 13 17:56:32 2021,0,4350,0,6,3630,0,7,750,0,0,0
Fri Aug 13 17:57:32 2021,0,4350,0,6,3630,0,7,750,0,0,0
Fri Aug 13 17:58:33 2021,0,4350,0,6,3630,0,7,750,0,0,0
Fri Aug 13 17:59:33 2021,0,4350,0,6,3630,0,7,750,0,0,0
Fri Aug 13 18:00:34 2021,0,4350,0,6,3630,0,7,750,0,0,0
Fri Aug 13 18:01:35 2021,0,4350,0,6,3630,0,7,750,0,0,0
Fri Aug 13 18:02:35 2021,0,4350,0,6,3630,0,7,750,0,0,0
Fri Aug 13 18:03:36 2021,0,4350,0,6,3630,0,7,750,0,0,0
Fri Aug 13 18:04:36 2021,0,4350,0,6,3630,0,7,750,0,0,0
Fri Aug 13 18:05:37 2021,0,4350,0,6,3630,0,7,750,0,0,0
Fri Aug 13 18:06:38 2021,0,4350,0,6,3630,0,7,750,0,0,0
Fri Aug 13 18:07:38 2021,0,4350,0,6,3630,0,7,750,0,0,0
Fri Aug 13 18:08:39 2021,0,4350,0,6,3630,0,7,750,0,0,0
Fri Aug 13 18:09:39 2021,0,4350,0,6,3630,0,7,750,0,0,0
Fri Aug 13 18:10:40 2021,0,4350,0,6,3630,0,7,750,0,0,0
Fri Aug 13 18:11:41 2021,0,4350,0,6,3630,0,7,750,0,0,0
Fri Aug 13 18:12:41 2021,0,4350,0,6,3630,0,7,750,0,0,0
Fri Aug 13 18:13:42 2021,0,4350,0,6,3630,0,7,750,0,0,0
Fri Aug 13 18:14:42 2021,0,4350,0,6,3630,0,7,750,0,0,0
Fri Aug 13 18:15:43 2021,0,4350,0,6,3630,0,7,750,0,0,0
Fri Aug 13 18:16:44 2021,0,4350,0,6,3630,0,7,750,0,0,0
Fri Aug 13 18:17:44 2021,0,4350,0,6,3630,0,7,750,0,0,0
Fri Aug 13 18:18:45 2021,0,4350,0,6,3630,0,7,750,0,0,0
Fri Aug 13 18:19:45 2021,0,4350,0,6,3630,0,7,750,0,0,0
Fri Aug 13 18:20:46 2021,0,4350,0,6,3630,0,7,750,0,0,0
Fri Aug 13 18:21:47 2021,0,4350,0,6,3630,0,7,750,0,0,0
Fri Aug 13 18:22:47 2021,0,4350,0,6,3630,0,7,750,0,0,0
Fri Aug 13 18:23:48 2021,0,4350,0,6,3630,0,7,750,0,0,0
Fri Aug 13 18:24:48 2021,0,4350,0,6,3630,0,7,750,0,0,0
Fri Aug 13 18:25:49 2021,0,4350,0,6,3630,0,7,750,0,0,0
Fri Aug 13 18:26:50 2021,0,4350,0,6,3630,0,7,750,0,0,0
Fri Aug 13 18:27:50 2021,0,4350,0,6,3630,0,7,750,0,0,0
Fri Aug 13 18:28:51 2021,0,4350,0,6,3630,0,7,750,0,0,0
Fri Aug 13 18:29:51 2021,0,4350,0,6,3630,0,7,750,0,0,0
Fri Aug 13 18:30:52 2021,0,4350,0,6,3630,0,7,750,0,0,0
Fri Aug 13 18:31:53 2021,0,4350,0,6,3630,0,7,750,0,0,0
Fri Aug 13 18:32:53 2021,0,4350,0,6,3630,0,7,750,0,0,0
Fri Aug 13 18:33:54 2021,0,4350,0,6,3630,0,7,750,0,0,0
Fri Aug 13 18:34:54 2021,0,4350,0,6,3630,0,7,750,0,0,0
Fri Aug 13 18:35:55 2021,0,4350,0,6,3630,0,7,750,0,0,0
Fri Aug 13 18:36:56 2021,0,4350,0,6,3630,0,7,750,0,0,0
Fri Aug 13 18:37:56 2021,0,4350,0,6,3630,0,7,750,0,0,0
Fri Aug 13 18:38:57 2021,0,4350,0,6,3630,0,7,750,0,0,0
Fri Aug 13 18:39:57 2021,0,4350,0,6,3630,0,7,750,0,0,0
Fri Aug 13 18:40:58 2021,0,4350,0,6,3630,0,7,750,0,0,0
Fri Aug 13 18:41:59 2021,0,4350,0,6,3630,0,7,750,0,0,0
Fri Aug 13 18:42:59 2021,0,4350,0,6,3630,0,7,750,0,0,0
Fri Aug 13 18:44:00 2021,0,4350,0,6,3630,0,7,750,0,0,0
Fri Aug 13 18:45:00 2021,0,4350,0,6,3630,0,7,750,0,0,0
Fri Aug 13 18:46:01 2021,0,4350,0,6,3630,0,7,750,0,0,0
Fri Aug 13 18:47:02 2021,0,4350,0,6,3630,0,7,750,0,0,0
Fri Aug 13 18:48:02 2021,0,4350,0,6,3630,0,7,750,0,0,0
Fri Aug 13 18:49:03 2021,0,4350,0,6,3630,0,7,750,0,0,0
Fri Aug 13 18:50:03 2021,0,4350,0,6,3630,0,7,750,0,0,0
Fri Aug 13 18:51:04 2021,0,4350,0,6,3630,0,7,750,0,0,0
Fri Aug 13 18:52:05 2021,0,4350,0,6,3630,0,7,750,0,0,0
Fri Aug 13 18:53:05 2021,0,4350,0,6,3630,0,7,750,0,0,0
Fri Aug 13 18:54:06 2021,0,4350,0,6,3630,0,7,750,0,0,0
Fri Aug 13 18:55:06 2021,0,4350,0,6,3630,0,7,750,0,0,0
Fri Aug 13 18:56:07 2021,0,4350,0,6,3630,0,7,750,0,0,0
Fri Aug 13 18:57:08 2021,0,4350,0,6,3630,0,7,750,0,0,0
Fri Aug 13 18:58:08 2021,0,4350,0,6,3630,0,7,750,0,0,0
Fri Aug 13 18:59:09 2021,0,4350,0,6,3630,0,7,750,0,0,0
Fri Aug 13 19:00:09 2021,0,4350,0,6,3630,0,7,750,0,0,0
Fri Aug 13 19:01:10 2021,0,4350,0,6,3630,0,7,750,0,4407.74,1
Fri Aug 13 19:02:11 2021,0,4425,4500,6,3630,0,7,900,0,4376.77,1
Fri Aug 13 19:03:11 2021,0,4500,4500,6,3630,0,7,1050,0,4438.71,1
Fri Aug 13 19:04:12 2021,0,4575,4500,6,3630,0,7,975,0,4428.39,1
Fri Aug 13 19:05:12 2021,0,4725,4500,6,3630,0,7,900,0,4438.71,1
Fri Aug 13 19:06:13 2021,0,4800,4500,6,3630,0,7,750,0,4387.1,1
Fri Aug 13 19:07:14 2021,0,4875,4500,6,3630,0,7,600,0,4418.06,1
Fri Aug 13 19:08:14 2021,0,4950,4500,6,3630,0,7,525,0,4428.39,1
Fri Aug 13 19:09:15 2021,0,5025,4500,6,3630,0,7,375,0,4418.06,1
Fri Aug 13 19:10:15 2021,0,5100,4500,6,3630,0,7,300,0,4397.42,1
Fri Aug 13 19:11:16 2021,0,5175,4500,6,3630,0,7,225,0,4387.1,1
Fri Aug 13 19:12:17 2021,0,5250,4500,6,3630,0,7,225,0,4407.74,1
Fri Aug 13 19:13:17 2021,0,5325,4500,6,3630,0,7,75,0,4438.71,1
Fri Aug 13 19:14:18 2021,0,5400,4500,6,3630,0,7,0,0,4397.42,1
Fri Aug 13 19:15:18 2021,0,5475,4500,6,3630,0,7,0,0,0,0
Fri Aug 13 19:16:19 2021,0,5475,0,6,3630,0,7,0,0,0,0
Fri Aug 13 19:17:20 2021,0,5475,0,6,3630,0,7,0,0,0,0
Fri Aug 13 19:18:20 2021,0,5475,0,6,3630,0,7,0,0,0,0
Fri Aug 13 19:19:21 2021,0,5475,0,6,3630,0,7,0,0,0,0
Fri Aug 13 19:20:21 2021,0,5475,0,6,3630,0,7,75,0,0,0
Fri Aug 13 19:21:22 2021,0,5475,0,6,3630,0,7,75,0,0,0
Fri Aug 13 19:22:23 2021,0,5475,0,6,3630,0,7,150,0,0,0
Fri Aug 13 19:23:23 2021,0,5475,0,6,3630,0,7,150,0,0,0
Fri Aug 13 19:24:24 2021,0,5475,0,6,3630,0,7,150,0,0,0
Fri Aug 13 19:25:24 2021,0,5475,0,6,3630,0,7,150,0,0,0
Fri Aug 13 19:26:25 2021,0,5475,0,6,3630,0,7,225,0,0,0
Fri Aug 13 19:27:26 2021,0,5475,0,6,3630,0,7,225,0,0,0
Fri Aug 13 19:28:26 2021,0,5475,0,6,3630,0,7,225,0,0,0
Fri Aug 13 19:29:27 2021,0,5475,0,6,3630,0,7,225,0,0,0
Fri Aug 13 19:30:27 2021,0,5475,0,6,3630,0,7,225,0,0,0
Fri Aug 13 19:31:28 2021,0,5475,0,6,3630,0,7,225,0,0,0
Fri Aug 13 19:32:29 2021,0,5475,0,6,3630,0,7,225,0,0,0
Fri Aug 13 19:33:29 2021,0,5475,0,6,3630,0,7,225,0,0,0
Fri Aug 13 19:34:30 2021,0,5475,0,6,3630,0,7,225,0,0,0
Fri Aug 13 19:35:30 2021,0,5475,0,6,3630,0,7,225,0,0,0
Fri Aug 13 19:36:31 2021,0,5475,0,6,3630,0,7,225,0,0,0
Fri Aug 13 19:37:32 2021,0,5475,0,6,3630,0,7,225,0,0,0
Fri Aug 13 19:38:32 2021,0,5475,0,6,3630,0,7,225,0,0,0
Fri Aug 13 19:39:33 2021,0,5475,0,6,3630,0,7,225,0,0,0
Fri Aug 13 19:40:33 2021,0,5475,0,6,3630,0,7,225,0,0,0
Fri Aug 13 19:41:34 2021,0,5475,0,6,3630,0,7,225,0,0,0
Fri Aug 13 19:42:35 2021,0,5475,0,6,3630,0,7,225,0,0,0
Fri Aug 13 19:43:35 2021,0,5475,0,6,3630,0,7,225,0,0,0
Fri Aug 13 19:44:36 2021,0,5475,0,6,3630,0,7,225,0,0,0
Fri Aug 13 19:45:36 2021,0,5475,0,6,3630,0,7,225,0,0,0
Fri Aug 13 19:46:37 2021,0,5475,0,6,3630,0,7,225,0,0,0
Fri Aug 13 19:47:37 2021,0,5475,0,6,3630,0,7,225,0,0,0
Fri Aug 13 19:48:38 2021,0,5475,0,6,3630,0,7,225,0,0,0
Fri Aug 13 19:49:39 2021,0,5475,0,6,3630,0,7,225,0,0,0
Fri Aug 13 19:50:39 2021,0,5475,0,6,3630,0,7,225,0,0,0
Fri Aug 13 19:51:40 2021,0,5475,0,6,3630,0,7,225,0,0,0
Fri Aug 13 19:52:40 2021,0,5475,0,6,3630,0,7,225,0,0,0
Fri Aug 13 19:53:41 2021,0,5475,0,6,3630,0,7,225,0,0,0
Fri Aug 13 19:54:41 2021,0,5475,0,6,3630,0,7,225,0,0,0
Fri Aug 13 19:55:42 2021,0,5475,0,6,3630,0,7,225,0,0,0
Fri Aug 13 19:56:42 2021,0,5475,0,6,3630,0,7,225,0,0,0
Fri Aug 13 19:57:43 2021,0,5475,0,6,3630,0,7,225,0,0,0
Fri Aug 13 19:58:43 2021,0,5475,0,6,3630,0,7,225,0,0,0
Fri Aug 13 19:59:44 2021,0,5475,0,6,3630,0,7,225,0,0,0
Fri Aug 13 20:00:44 2021,0,5475,0,6,3630,0,7,225,0,0,0
Fri Aug 13 20:01:45 2021,0,5475,0,6,3630,0,7,525,0,0,0
Fri Aug 13 20:02:46 2021,0,5475,0,6,3630,0,7,825,0,4428.39,1
Fri Aug 13 20:03:46 2021,0,5550,4500,6,3630,0,7,1050,0,4449.03,1
Fri Aug 13 20:04:47 2021,0,5625,4500,6,3630,0,7,1125,0,4407.74,1
Fri Aug 13 20:05:47 2021,0,5700,4500,6,3630,0,7,1125,0,4438.71,1
Fri Aug 13 20:06:48 2021,0,5775,4500,6,3630,0,7,1050,0,4397.42,1
Fri Aug 13 20:07:48 2021,0,5850,4500,6,3630,0,7,975,0,4438.71,1
Fri Aug 13 20:08:49 2021,0,5925,4500,6,3630,0,7,825,0,4449.03,1
Fri Aug 13 20:09:49 2021,0,6000,4500,6,3630,0,7,750,0,4407.74,1
Fri Aug 13 20:10:50 2021,0,6075,4500,6,3630,0,7,675,0,4418.06,1
Fri Aug 13 20:11:51 2021,0,6150,4500,6,3630,0,7,600,0,4418.06,1
Fri Aug 13 20:12:51 2021,0,6225,4500,6,3630,0,7,450,0,4449.03,1
Fri Aug 13 20:13:52 2021,0,6300,4500,6,3630,0,7,375,0,4387.1,1
Fri Aug 13 20:14:52 2021,0,6375,4500,6,3630,0,7,300,0,4449.03,1
Fri Aug 13 20:15:53 2021,0,6450,4500,6,3630,0,7,225,0,4418.06,1
Fri Aug 13 20:16:54 2021,0,6525,4500,6,3630,0,7,225,0,4397.42,1
Fri Aug 13 20:17:54 2021,0,6600,4500,6,3630,0,7,75,0,4418.06,1
Fri Aug 13 20:18:55 2021,0,6675,4500,6,3630,0,7,0,0,0,0
Fri Aug 13 20:19:55 2021,0,6675,0,6,3630,0,7,0,0,0,0
Fri Aug 13 20:20:56 2021,0,6675,0,6,3630,0,7,0,0,0,0
Fri Aug 13 20:21:57 2021,0,6675,0,6,3630,0,7,0,0,0,0
Fri Aug 13 20:22:57 2021,0,6675,0,6,3630,0,7,0,0,0,0
Fri Aug 13 20:23:58 2021,0,6675,0,6,3630,0,7,0,0,0,0
Fri Aug 13 20:24:58 2021,0,6675,0,6,3630,0,7,75,0,0,0
Fri Aug 13 20:25:59 2021,0,6675,0,6,3630,0,7,75,0,0,0
Fri Aug 13 20:27:00 2021,0,6675,0,6,3630,0,7,150,0,0,0
Fri Aug 13 20:28:00 2021,0,6675,0,6,3630,0,7,150,0,0,0
Fri Aug 13 20:29:01 2021,0,6675,0,6,3630,0,7,150,0,0,0
Fri Aug 13 20:30:01 2021,0,6675,0,6,3630,0,7,150,0,0,0
Fri Aug 13 20:31:02 2021,0,6675,0,6,3630,0,7,150,0,0,0
Fri Aug 13 20:32:03 2021,0,6675,0,6,3630,0,7,225,0,0,0
Fri Aug 13 20:33:03 2021,0,6675,0,6,3630,0,7,225,0,0,0
Fri Aug 13 20:34:04 2021,0,6675,0,6,3630,0,7,225,0,0,0
Fri Aug 13 20:35:04 2021,0,6675,0,6,3630,0,7,225,0,0,0
Fri Aug 13 20:36:05 2021,0,6675,0,6,3630,0,7,225,0,0,0
Fri Aug 13 20:37:06 2021,0,6675,0,6,3630,0,7,225,0,0,0
Fri Aug 13 20:38:06 2021,0,6675,0,6,3630,0,7,225,0,0,0
Fri Aug 13 20:39:07 2021,0,6675,0,6,3630,0,7,225,0,0,0
Fri Aug 13 20:40:07 2021,0,6675,0,6,3630,0,7,225,0,0,0
Fri Aug 13 20:41:08 2021,0,6675,0,6,3630,0,7,225,0,0,0
Fri Aug 13 20:42:09 2021,0,6675,0,6,3630,0,7,225,0,0,0
Fri Aug 13 20:43:09 2021,0,6675,0,6,3630,0,7,225,0,0,0
Fri Aug 13 20:44:10 2021,0,6675,0,6,3630,0,7,225,0,0,0
Fri Aug 13 20:45:10 2021,0,6675,0,6,3630,0,7,225,0,0,0
Fri Aug 13 20:46:11 2021,0,6675,0,6,3630,0,7,225,0,0,0
Fri Aug 13 20:47:12 2021,0,6675,0,6,3630,0,7,225,0,0,0
Fri Aug 13 20:48:12 2021,0,6675,0,6,3630,0,7,225,0,0,0
Fri Aug 13 20:49:13 2021,0,6675,0,6,3630,0,7,225,0,0,0
Fri Aug 13 20:50:13 2021,0,6675,0,6,3630,0,7,225,0,0,0
Fri Aug 13 20:51:14 2021,0,6675,0,6,3630,0,7,225,0,0,0
Fri Aug 13 20:52:15 2021,0,6675,0,6,3630,0,7,225,0,0,0
Fri Aug 13 20:53:15 2021,0,6675,0,6,3630,0,7,225,0,0,0
Fri Aug 13 20:54:16 2021,0,6675,0,6,3630,0,7,225,0,0,0
Fri Aug 13 20:55:16 2021,0,6675,0,6,3630,0,7,225,0,0,0
Fri Aug 13 20:56:17 2021,0,6675,0,6,3630,0,7,225,0,0,0
Fri Aug 13 20:57:18 2021,0,6675,0,6,3630,0,7,225,0,0,0
Fri Aug 13 20:58:18 2021,0,6675,0,6,3630,0,7,225,0,0,0
Fri Aug 13 20:59:19 2021,0,6675,0,6,3630,0,7,225,0,0,0
Fri Aug 13 21:00:19 2021,0,6675,0,6,3630,0,7,225,0,0,0
Fri Aug 13 21:01:20 2021,0,6675,0,6,3630,0,7,225,0,0,0
Fri Aug 13 21:02:21 2021,0,6675,0,6,3630,0,7,225,0,0,0
Fri Aug 13 21:03:21 2021,0,6675,0,6,3630,0,7,225,0,0,0
Fri Aug 13 21:04:22 2021,0,6675,0,6,3630,0,7,225,0,0,0
Fri Aug 13 21:05:22 2021,0,6675,0,6,3630,0,7,225,0,0,0
Fri Aug 13 21:06:23 2021,0,6675,0,6,3630,0,7,225,0,0,0
Fri Aug 13 21:07:24 2021,0,6675,0,6,3630,0,7,225,0,0,0
Fri Aug 13 21:08:24 2021,0,6675,0,6,3630,0,7,225,0,0,0
Fri Aug 13 21:09:25 2021,0,6675,0,6,3630,0,7,225,0,0,0
Fri Aug 13 21:10:26 2021,0,6675,0,6,3630,0,7,300,0,0,0
Fri Aug 13 21:11:26 2021,0,6675,0,6,3630,0,7,300,0,0,0
Fri Aug 13 21:12:27 2021,0,6675,0,6,3630,0,7,300,0,0,0
Fri Aug 13 21:13:27 2021,0,6675,0,6,3630,0,7,300,0,0,0
Fri Aug 13 21:14:28 2021,0,6675,0,6,3630,0,7,300,0,0,0
Fri Aug 13 21:15:29 2021,0,6675,0,6,3630,0,7,300,0,0,0
Fri Aug 13 21:16:29 2021,0,6675,0,6,3630,0,7,300,0,0,0
Fri Aug 13 21:17:30 2021,0,6675,0,6,3630,0,7,300,0,0,0
Fri Aug 13 21:18:30 2021,0,6675,0,6,3630,0,7,300,0,0,0
Fri Aug 13 21:19:31 2021,0,6675,0,6,3630,0,7,300,0,0,0
Fri Aug 13 21:20:32 2021,0,6675,0,6,3630,0,7,300,0,0,0
Fri Aug 13 21:21:32 2021,0,6675,0,6,3630,0,7,300,0,0,0
Fri Aug 13 21:22:33 2021,0,6675,0,6,3630,0,7,300,0,0,0
Fri Aug 13 21:23:33 2021,0,6675,0,6,3630,0,7,300,0,0,0
Fri Aug 13 21:24:34 2021,0,6675,0,6,3630,0,7,300,0,0,0
Fri Aug 13 21:25:35 2021,0,6675,0,6,3630,0,7,300,0,0,0
Fri Aug 13 21:26:35 2021,0,6675,0,6,3630,0,7,300,0,0,0
Fri Aug 13 21:27:36 2021,0,6675,0,6,3630,0,7,300,0,0,0
Fri Aug 13 21:28:36 2021,0,6675,0,6,3630,0,7,300,0,0,0
Fri Aug 13 21:29:37 2021,0,6675,0,6,3630,0,7,300,0,0,0
Fri Aug 13 21:30:38 2021,0,6675,0,6,3630,0,7,300,0,0,0
Fri Aug 13 21:31:38 2021,0,6675,0,6,3630,0,7,300,0,0,0
Fri Aug 13 21:32:39 2021,0,6675,0,6,3630,0,7,300,0,0,0
Fri Aug 13 21:33:39 2021,0,6675,0,6,3630,0,7,300,0,0,0
Fri Aug 13 21:34:40 2021,0,6675,0,6,3630,0,7,300,0,0,0
Fri Aug 13 21:35:41 2021,0,6675,0,6,3630,0,7,300,0,0,0
Fri Aug 13 21:36:41 2021,0,6675,0,6,3630,0,7,300,0,0,0
Fri Aug 13 21:37:42 2021,0,6675,0,6,3630,0,7,300,0,0,0
Fri Aug 13 21:38:42 2021,0,6675,0,6,3630,0,7,300,0,0,0
Fri Aug 13 21:39:43 2021,0,6675,0,6,3630,0,7,300,0,0,0
Fri Aug 13 21:40:44 2021,0,6675,0,6,3630,0,7,300,0,0,0
Fri Aug 13 21:41:44 2021,0,6675,0,6,3630,0,7,300,0,0,0
Fri Aug 13 21:42:45 2021,0,6675,0,6,3630,0,7,300,0,0,0
Fri Aug 13 21:43:45 2021,0,6675,0,6,3630,0,7,300,0,0,0
Fri Aug 13 21:44:46 2021,0,6675,0,6,3630,0,7,300,0,0,0
Fri Aug 13 21:45:47 2021,0,6675,0,6,3630,0,7,300,0,0,0
Fri Aug 13 21:46:47 2021,0,6675,0,6,3630,0,7,375,0,0,0
Fri Aug 13 21:47:48 2021,0,6675,0,6,3630,0,7,375,0,0,0
Fri Aug 13 21:48:48 2021,0,6675,0,6,3630,0,7,375,0,0,0
Fri Aug 13 21:49:49 2021,0,6675,0,6,3630,0,7,375,0,0,0
Fri Aug 13 21:50:50 2021,0,6675,0,6,3630,0,7,375,0,0,0
Fri Aug 13 21:51:50 2021,0,6675,0,6,3630,0,7,375,0,0,0
Fri Aug 13 21:52:51 2021,0,6675,0,6,3630,0,7,375,0,0,0
Fri Aug 13 21:53:51 2021,0,6675,0,6,3630,0,7,375,0,0,0
Fri Aug 13 21:54:52 2021,0,6675,0,6,3630,0,7,375,0,0,0
Fri Aug 13 21:55:52 2021,0,6675,0,6,3630,0,7,375,0,0,0
Fri Aug 13 21:56:53 2021,0,6675,0,6,3630,0,7,375,0,0,0
Fri Aug 13 21:57:54 2021,0,6675,0,6,3630,0,7,375,0,0,0
Fri Aug 13 21:58:54 2021,0,6675,0,6,3630,0,7,375,0,0,0
Fri Aug 13 21:59:55 2021,0,6675,0,6,3630,0,7,375,0,0,0
Fri Aug 13 22:00:55 2021,0,6675,0,6,3630,0,7,375,0,0,0
Fri Aug 13 22:01:56 2021,0,6675,0,6,3630,0,7,375,0,0,0
Fri Aug 13 22:02:56 2021,0,6675,0,6,3630,0,7,375,0,0,0
Fri Aug 13 22:03:57 2021,0,6675,0,6,3630,0,7,375,0,0,0
Fri Aug 13 22:04:57 2021,0,6675,0,6,3630,0,7,375,0,0,0
Fri Aug 13 22:05:58 2021,0,6675,0,6,3630,0,7,375,0,0,0
Fri Aug 13 22:06:58 2021,0,6675,0,6,3630,0,7,375,0,0,0
Fri Aug 13 22:07:59 2021,0,6675,0,6,3630,0,7,375,0,0,0
Fri Aug 13 22:08:59 2021,0,6675,0,6,3630,0,7,375,0,0,0
Fri Aug 13 22:10:00 2021,0,6675,0,6,3630,0,7,375,0,0,0
Fri Aug 13 22:11:00 2021,0,6675,0,6,3630,0,7,375,0,0,0
Fri Aug 13 22:12:01 2021,0,6675,0,6,3630,0,7,375,0,0,0
Fri Aug 13 22:13:02 2021,0,6675,0,6,3630,0,7,375,0,0,0
Fri Aug 13 22:14:02 2021,0,6675,0,6,3630,0,7,375,0,0,0
Fri Aug 13 22:15:03 2021,0,6675,0,6,3630,0,7,375,0,0,0
Fri Aug 13 22:16:03 2021,0,6675,0,6,3630,0,7,375,0,0,0
Fri Aug 13 22:17:04 2021,0,6675,0,6,3630,0,7,375,0,0,0
Fri Aug 13 22:18:04 2021,0,6675,0,6,3630,0,7,375,0,0,0
Fri Aug 13 22:19:05 2021,0,6675,0,6,3630,0,7,375,0,0,0
Fri Aug 13 22:20:05 2021,0,6675,0,6,3630,0,7,375,0,0,0
Fri Aug 13 22:21:06 2021,0,6675,0,6,3630,0,7,375,0,0,0
Fri Aug 13 22:22:06 2021,0,6675,0,6,3630,0,7,375,0,0,0
Fri Aug 13 22:23:07 2021,0,6675,0,6,3630,0,7,375,0,0,0
Fri Aug 13 22:24:08 2021,0,6675,0,6,3630,0,7,375,0,0,0
Fri Aug 13 22:25:08 2021,0,6675,0,6,3630,0,7,375,0,0,0
Fri Aug 13 22:26:09 2021,0,6675,0,6,3630,0,7,375,0,0,0
Fri Aug 13 22:27:09 2021,0,6675,0,6,3630,0,7,375,0,0,0
Fri Aug 13 22:28:10 2021,0,6675,0,6,3630,0,7,375,0,0,0
Fri Aug 13 22:29:10 2021,0,6675,0,6,3630,0,7,375,0,0,0
Fri Aug 13 22:30:11 2021,0,6675,0,6,3630,0,7,375,0,0,0
Fri Aug 13 22:31:11 2021,0,6675,0,6,3630,0,7,375,0,0,0
Fri Aug 13 22:32:12 2021,0,6675,0,6,3630,0,7,375,0,0,0
Fri Aug 13 22:33:13 2021,0,6675,0,6,3630,0,7,375,0,0,0
Fri Aug 13 22:34:13 2021,0,6675,0,6,3630,0,7,375,0,0,0
Fri Aug 13 22:35:14 2021,0,6675,0,6,3630,0,7,375,0,0,0
Fri Aug 13 22:36:14 2021,0,6675,0,6,3630,0,7,375,0,0,0
Fri Aug 13 22:37:15 2021,0,6675,0,6,3630,0,7,375,0,0,0
Fri Aug 13 22:38:15 2021,0,6675,0,6,3630,0,7,375,0,0,0
Fri Aug 13 22:39:16 2021,0,6675,0,6,3630,0,7,375,0,0,0
Fri Aug 13 22:40:16 2021,0,6675,0,6,3630,0,7,375,0,0,0
Fri Aug 13 22:41:17 2021,0,6675,0,6,3630,0,7,375,0,0,0
Fri Aug 13 22:42:17 2021,0,6675,0,6,3630,0,7,375,0,0,0
Fri Aug 13 22:43:18 2021,0,6675,0,6,3630,0,7,375,0,0,0
Fri Aug 13 22:44:18 2021,0,6675,0,6,3630,0,7,375,0,0,0
Fri Aug 13 22:45:19 2021,0,6675,0,6,3630,0,7,375,0,0,0
Fri Aug 13 22:46:19 2021,0,6675,0,6,3630,0,7,375,0,0,0
Fri Aug 13 22:47:20 2021,0,6675,0,6,3630,0,7,375,0,0,0
Fri Aug 13 22:48:21 2021,0,6675,0,6,3630,0,7,375,0,0,0
Fri Aug 13 22:49:21 2021,0,6675,0,6,3630,0,7,375,0,0,0
Fri Aug 13 22:50:22 2021,0,6675,0,6,3630,0,7,375,0,0,0
Fri Aug 13 22:51:22 2021,0,6675,0,6,3630,0,7,375,0,0,0
Fri Aug 13 22:52:23 2021,0,6675,0,6,3630,0,7,375,0,0,0
Fri Aug 13 22:53:24 2021,0,6675,0,6,3630,0,7,375,0,0,0
Fri Aug 13 22:54:24 2021,0,6675,0,6,3630,0,7,375,0,0,0
Fri Aug 13 22:55:25 2021,0,6675,0,6,3630,0,7,375,0,0,0
Fri Aug 13 22:56:25 2021,0,6675,0,6,3630,0,7,375,0,0,0
Fri Aug 13 22:57:26 2021,0,6675,0,6,3630,0,7,375,0,0,0
Fri Aug 13 22:58:27 2021,0,6675,0,6,3630,0,7,375,0,0,0
Fri Aug 13 22:59:27 2021,0,6675,0,6,3630,0,7,375,0,0,0
Fri Aug 13 23:00:28 2021,0,6675,0,6,3630,0,7,375,0,0,0
Fri Aug 13 23:01:28 2021,0,6675,0,6,3630,0,7,375,0,0,0
Fri Aug 13 23:02:29 2021,0,6675,0,6,3630,0,7,450,0,0,0
Fri Aug 13 23:03:30 2021,0,6675,0,6,3630,0,7,450,0,0,0
Fri Aug 13 23:04:30 2021,0,6675,0,6,3630,0,7,450,0,0,0
Fri Aug 13 23:05:31 2021,0,6675,0,6,3630,0,7,450,0,0,0
Fri Aug 13 23:06:31 2021,0,6675,0,6,3630,0,7,450,0,0,0
Fri Aug 13 23:07:32 2021,0,6675,0,6,3630,0,7,450,0,0,0
Fri Aug 13 23:08:33 2021,0,6675,0,6,3630,0,7,450,0,0,0
Fri Aug 13 23:09:33 2021,0,6675,0,6,3630,0,7,450,0,0,0
Fri Aug 13 23:10:34 2021,0,6675,0,6,3630,0,7,450,0,0,0
Fri Aug 13 23:11:34 2021,0,6675,0,6,3630,0,7,450,0,0,0
Fri Aug 13 23:12:35 2021,0,6675,0,6,3630,0,7,450,0,0,0
Fri Aug 13 23:13:36 2021,0,6675,0,6,3630,0,7,450,0,0,0
Fri Aug 13 23:14:36 2021,0,6675,0,6,3630,0,7,450,0,0,0
Fri Aug 13 23:15:37 2021,0,6675,0,6,3630,0,7,450,0,0,0
Fri Aug 13 23:16:37 2021,0,6675,0,6,3630,0,7,450,0,0,0
Fri Aug 13 23:17:38 2021,0,6675,0,6,3630,0,7,450,0,0,0
Fri Aug 13 23:18:39 2021,0,6675,0,6,3630,0,7,450,0,0,0
Fri Aug 13 23:19:39 2021,0,6675,0,6,3630,0,7,450,0,0,0
Fri Aug 13 23:20:40 2021,0,6675,0,6,3630,0,7,450,0,0,0
Fri Aug 13 23:21:40 2021,0,6675,0,6,3630,0,7,450,0,0,0
Fri Aug 13 23:22:41 2021,0,6675,0,6,3630,0,7,450,0,0,0
Fri Aug 13 23:23:41 2021,0,6675,0,6,3630,0,7,450,0,0,0
Fri Aug 13 23:24:42 2021,0,6675,0,6,3630,0,7,450,0,0,0
Fri Aug 13 23:25:43 2021,0,6675,0,6,3630,0,7,450,0,0,0
Fri Aug 13 23:26:43 2021,0,6675,0,6,3630,0,7,450,0,0,0
Fri Aug 13 23:27:44 2021,0,6675,0,6,3630,0,7,450,0,10.3226,0
Fri Aug 13 23:28:45 2021,0,6675,0,6,3630,0,7,450,0,0,0
Fri Aug 13 23:29:45 2021,0,6675,0,6,3630,0,7,450,0,0,0
Fri Aug 13 23:30:46 2021,0,6675,0,6,3630,0,7,450,0,0,0
Fri Aug 13 23:31:46 2021,0,6675,0,6,3630,0,7,450,0,0,0
Fri Aug 13 23:32:47 2021,0,6675,0,6,3630,0,7,450,0,0,0
Fri Aug 13 23:33:48 2021,0,6675,0,6,3630,0,7,450,0,0,0
Fri Aug 13 23:34:48 2021,0,6675,0,6,3630,0,7,450,0,0,0
Fri Aug 13 23:35:49 2021,0,6675,0,6,3630,0,7,450,0,0,0
Fri Aug 13 23:36:49 2021,0,6675,0,6,3630,0,7,450,0,0,0
Fri Aug 13 23:37:50 2021,0,6675,0,6,3630,0,7,450,0,0,0
Fri Aug 13 23:38:51 2021,0,6675,0,6,3630,0,7,450,0,0,0
Fri Aug 13 23:39:51 2021,0,6675,0,6,3630,0,7,450,0,0,0
Fri Aug 13 23:40:52 2021,0,6675,0,6,3630,0,7,450,0,0,0
Fri Aug 13 23:41:52 2021,0,6675,0,6,3630,0,7,450,0,0,0
Fri Aug 13 23:42:53 2021,0,6675,0,6,3630,0,7,450,0,0,0
Fri Aug 13 23:43:53 2021,0,6675,0,6,3630,0,7,450,0,0,0
Fri Aug 13 23:44:54 2021,0,6675,0,6,3630,0,7,450,0,0,0
Fri Aug 13 23:45:54 2021,0,6675,0,6,3630,0,7,450,0,0,0
Fri Aug 13 23:46:55 2021,0,6675,0,6,3630,0,7,450,0,0,0
Fri Aug 13 23:47:56 2021,0,6675,0,6,3630,0,7,450,0,0,0
Fri Aug 13 23:48:56 2021,0,6675,0,6,3630,0,7,450,0,0,0
Fri Aug 13 23:49:57 2021,0,6675,0,6,3630,0,7,450,0,0,0
Fri Aug 13 23:50:57 2021,0,6675,0,6,3630,0,7,450,0,0,0
Fri Aug 13 23:51:58 2021,0,6675,0,6,3630,0,7,450,0,0,0
Fri Aug 13 23:52:59 2021,0,6675,0,6,3630,0,7,450,0,0,0
Fri Aug 13 23:53:59 2021,0,6675,0,6,3630,0,7,450,0,0,0
Fri Aug 13 23:55:00 2021,0,6675,0,6,3630,0,7,450,0,0,0
Fri Aug 13 23:56:00 2021,0,6675,0,6,3630,0,7,525,0,0,0
Fri Aug 13 23:57:01 2021,0,6675,0,6,3630,0,7,525,0,0,0
Fri Aug 13 23:58:01 2021,0,6675,0,6,3630,0,7,525,0,0,0
Fri Aug 13 23:59:02 2021,0,6675,0,6,3630,0,7,525,0,0,0
