timestamp,idk,idk2,rated_real_power,idk3,max_watts_hour,idk4,idk5,real_available_Wh,idk6,consumed_watts,idk7
Wed Sep  1 00:00:52 2021, 0, 4485, 0, 6, 3630, 0, 7, 375, 0, 0, 0
Wed Sep  1 00:01:53 2021, 0, 4485, 0, 6, 3630, 0, 7, 375, 0, 0, 0
Wed Sep  1 00:02:54 2021, 0, 4485, 0, 6, 3630, 0, 7, 375, 0, 0, 0
Wed Sep  1 00:03:54 2021, 0, 4485, 0, 6, 3630, 0, 7, 375, 0, 0, 0
Wed Sep  1 00:04:55 2021, 0, 4485, 0, 6, 3630, 0, 7, 375, 0, 0, 0
Wed Sep  1 00:05:55 2021, 0, 4485, 0, 6, 3630, 0, 7, 375, 0, 0, 0
Wed Sep  1 00:06:56 2021, 0, 4485, 0, 6, 3630, 0, 7, 375, 0, 10.3226, 0
Wed Sep  1 00:07:56 2021, 0, 4485, 0, 6, 3630, 0, 7, 375, 0, 0, 0
Wed Sep  1 00:08:57 2021, 0, 4485, 0, 6, 3630, 0, 7, 375, 0, 0, 0
Wed Sep  1 00:09:58 2021, 0, 4485, 0, 6, 3630, 0, 7, 375, 0, 0, 0
Wed Sep  1 00:10:58 2021, 0, 4485, 0, 6, 3630, 0, 7, 375, 0, 0, 0
Wed Sep  1 00:11:59 2021, 0, 4485, 0, 6, 3630, 0, 7, 375, 0, 0, 0
Wed Sep  1 00:12:59 2021, 0, 4485, 0, 6, 3630, 0, 7, 375, 0, 0, 0
Wed Sep  1 00:14:00 2021, 0, 4485, 0, 6, 3630, 0, 7, 375, 0, 0, 0
Wed Sep  1 00:15:01 2021, 0, 4485, 0, 6, 3630, 0, 7, 375, 0, 0, 0
Wed Sep  1 00:16:01 2021, 0, 4485, 0, 6, 3630, 0, 7, 375, 0, 0, 0
Wed Sep  1 00:17:02 2021, 0, 4485, 0, 6, 3630, 0, 7, 375, 0, 0, 0
Wed Sep  1 00:18:02 2021, 0, 4485, 0, 6, 3630, 0, 7, 375, 0, 0, 0
Wed Sep  1 00:19:03 2021, 0, 4485, 0, 6, 3630, 0, 7, 375, 0, 0, 0
Wed Sep  1 00:20:04 2021, 0, 4485, 0, 6, 3630, 0, 7, 375, 0, 0, 0
Wed Sep  1 00:21:04 2021, 0, 4485, 0, 6, 3630, 0, 7, 375, 0, 0, 0
Wed Sep  1 00:22:05 2021, 0, 4485, 0, 6, 3630, 0, 7, 375, 0, 0, 0
Wed Sep  1 00:23:05 2021, 0, 4485, 0, 6, 3630, 0, 7, 375, 0, 0, 0
Wed Sep  1 00:24:06 2021, 0, 4485, 0, 6, 3630, 0, 7, 375, 0, 0, 0
Wed Sep  1 00:25:06 2021, 0, 4485, 0, 6, 3630, 0, 7, 375, 0, 0, 0
Wed Sep  1 00:26:07 2021, 0, 4485, 0, 6, 3630, 0, 7, 375, 0, 0, 0
Wed Sep  1 00:27:08 2021, 0, 4485, 0, 6, 3630, 0, 7, 375, 0, 0, 0
Wed Sep  1 00:28:08 2021, 0, 4485, 0, 6, 3630, 0, 7, 375, 0, 0, 0
Wed Sep  1 00:29:09 2021, 0, 4485, 0, 6, 3630, 0, 7, 375, 0, 0, 0
Wed Sep  1 00:30:09 2021, 0, 4485, 0, 6, 3630, 0, 7, 375, 0, 0, 0
Wed Sep  1 00:31:10 2021, 0, 4485, 0, 6, 3630, 0, 7, 375, 0, 0, 0
Wed Sep  1 00:32:10 2021, 0, 4485, 0, 6, 3630, 0, 7, 375, 0, 0, 0
Wed Sep  1 00:33:11 2021, 0, 4485, 0, 6, 3630, 0, 7, 375, 0, 0, 0
Wed Sep  1 00:34:12 2021, 0, 4485, 0, 6, 3630, 0, 7, 375, 0, 0, 0
Wed Sep  1 00:35:12 2021, 0, 4485, 0, 6, 3630, 0, 7, 375, 0, 0, 0
Wed Sep  1 00:36:13 2021, 0, 4485, 0, 6, 3630, 0, 7, 375, 0, 0, 0
Wed Sep  1 00:37:13 2021, 0, 4485, 0, 6, 3630, 0, 7, 375, 0, 0, 0
Wed Sep  1 00:38:14 2021, 0, 4485, 0, 6, 3630, 0, 7, 375, 0, 0, 0
Wed Sep  1 00:39:14 2021, 0, 4485, 0, 6, 3630, 0, 7, 375, 0, 0, 0
Wed Sep  1 00:40:15 2021, 0, 4485, 0, 6, 3630, 0, 7, 375, 0, 0, 0
Wed Sep  1 00:41:16 2021, 0, 4485, 0, 6, 3630, 0, 7, 375, 0, 0, 0
Wed Sep  1 00:42:16 2021, 0, 4485, 0, 6, 3630, 0, 7, 375, 0, 0, 0
Wed Sep  1 00:43:17 2021, 0, 4485, 0, 6, 3630, 0, 7, 375, 0, 0, 0
Wed Sep  1 00:44:17 2021, 0, 4485, 0, 6, 3630, 0, 7, 375, 0, 0, 0
Wed Sep  1 00:45:18 2021, 0, 4485, 0, 6, 3630, 0, 7, 375, 0, 0, 0
Wed Sep  1 00:46:18 2021, 0, 4485, 0, 6, 3630, 0, 7, 375, 0, 0, 0
Wed Sep  1 00:47:19 2021, 0, 4485, 0, 6, 3630, 0, 7, 375, 0, 0, 0
Wed Sep  1 00:48:20 2021, 0, 4485, 0, 6, 3630, 0, 7, 375, 0, 0, 0
Wed Sep  1 00:49:20 2021, 0, 4485, 0, 6, 3630, 0, 7, 375, 0, 0, 0
Wed Sep  1 00:50:21 2021, 0, 4485, 0, 6, 3630, 0, 7, 375, 0, 0, 0
Wed Sep  1 00:51:21 2021, 0, 4485, 0, 6, 3630, 0, 7, 375, 0, 0, 0
Wed Sep  1 00:52:22 2021, 0, 4485, 0, 6, 3630, 0, 7, 375, 0, 0, 0
Wed Sep  1 00:53:23 2021, 0, 4485, 0, 6, 3630, 0, 7, 375, 0, 0, 0
Wed Sep  1 00:54:23 2021, 0, 4485, 0, 6, 3630, 0, 7, 450, 0, 0, 0
Wed Sep  1 00:55:24 2021, 0, 4485, 0, 6, 3630, 0, 7, 375, 0, 0, 0
Wed Sep  1 00:56:24 2021, 0, 4485, 0, 6, 3630, 0, 7, 450, 0, 0, 0
Wed Sep  1 00:57:25 2021, 0, 4485, 0, 6, 3630, 0, 7, 375, 0, 0, 0
Wed Sep  1 00:58:25 2021, 0, 4485, 0, 6, 3630, 0, 7, 375, 0, 0, 0
Wed Sep  1 00:59:26 2021, 0, 4485, 0, 6, 3630, 0, 7, 375, 0, 0, 0
Wed Sep  1 01:00:27 2021, 0, 4485, 0, 6, 3630, 0, 7, 375, 0, 0, 0
Wed Sep  1 01:01:27 2021, 0, 4485, 0, 6, 3630, 0, 7, 375, 0, 0, 0
Wed Sep  1 01:02:28 2021, 0, 4485, 0, 6, 3630, 0, 7, 375, 0, 0, 0
Wed Sep  1 01:03:28 2021, 0, 4485, 0, 6, 3630, 0, 7, 375, 0, 0, 0
Wed Sep  1 01:04:29 2021, 0, 4485, 0, 6, 3630, 0, 7, 450, 0, 0, 0
Wed Sep  1 01:05:29 2021, 0, 4485, 0, 6, 3630, 0, 7, 450, 0, 0, 0
Wed Sep  1 01:06:30 2021, 0, 4485, 0, 6, 3630, 0, 7, 450, 0, 0, 0
Wed Sep  1 01:07:30 2021, 0, 4485, 0, 6, 3630, 0, 7, 450, 0, 0, 0
Wed Sep  1 01:08:31 2021, 0, 4485, 0, 6, 3630, 0, 7, 375, 0, 0, 0
Wed Sep  1 01:09:32 2021, 0, 4485, 0, 6, 3630, 0, 7, 450, 0, 0, 0
Wed Sep  1 01:10:32 2021, 0, 4485, 0, 6, 3630, 0, 7, 450, 0, 0, 0
Wed Sep  1 01:11:33 2021, 0, 4485, 0, 6, 3630, 0, 7, 450, 0, 0, 0
Wed Sep  1 01:12:33 2021, 0, 4485, 0, 6, 3630, 0, 7, 450, 0, 0, 0
Wed Sep  1 01:13:34 2021, 0, 4485, 0, 6, 3630, 0, 7, 450, 0, 0, 0
Wed Sep  1 01:14:34 2021, 0, 4485, 0, 6, 3630, 0, 7, 450, 0, 0, 0
Wed Sep  1 01:15:35 2021, 0, 4485, 0, 6, 3630, 0, 7, 450, 0, 0, 0
Wed Sep  1 01:16:36 2021, 0, 4485, 0, 6, 3630, 0, 7, 450, 0, 0, 0
Wed Sep  1 01:17:36 2021, 0, 4485, 0, 6, 3630, 0, 7, 450, 0, 0, 0
Wed Sep  1 01:18:37 2021, 0, 4485, 0, 6, 3630, 0, 7, 450, 0, 0, 0
Wed Sep  1 01:19:37 2021, 0, 4485, 0, 6, 3630, 0, 7, 450, 0, 0, 0
Wed Sep  1 01:20:38 2021, 0, 4485, 0, 6, 3630, 0, 7, 450, 0, 0, 0
Wed Sep  1 01:21:39 2021, 0, 4485, 0, 6, 3630, 0, 7, 450, 0, 0, 0
Wed Sep  1 01:22:39 2021, 0, 4485, 0, 6, 3630, 0, 7, 450, 0, 0, 0
Wed Sep  1 01:23:40 2021, 0, 4485, 0, 6, 3630, 0, 7, 450, 0, 0, 0
Wed Sep  1 01:24:40 2021, 0, 4485, 0, 6, 3630, 0, 7, 450, 0, 0, 0
Wed Sep  1 01:25:41 2021, 0, 4485, 0, 6, 3630, 0, 7, 450, 0, 0, 0
Wed Sep  1 01:26:41 2021, 0, 4485, 0, 6, 3630, 0, 7, 450, 0, 0, 0
Wed Sep  1 01:27:42 2021, 0, 4485, 0, 6, 3630, 0, 7, 450, 0, 0, 0
Wed Sep  1 01:28:43 2021, 0, 4485, 0, 6, 3630, 0, 7, 450, 0, 0, 0
Wed Sep  1 01:29:43 2021, 0, 4485, 0, 6, 3630, 0, 7, 450, 0, 0, 0
Wed Sep  1 01:30:44 2021, 0, 4485, 0, 6, 3630, 0, 7, 450, 0, 0, 0
Wed Sep  1 01:31:44 2021, 0, 4485, 0, 6, 3630, 0, 7, 450, 0, 0, 0
Wed Sep  1 01:32:45 2021, 0, 4485, 0, 6, 3630, 0, 7, 450, 0, 0, 0
Wed Sep  1 01:33:46 2021, 0, 4485, 0, 6, 3630, 0, 7, 450, 0, 0, 0
Wed Sep  1 01:34:46 2021, 0, 4485, 0, 6, 3630, 0, 7, 450, 0, 0, 0
Wed Sep  1 01:35:47 2021, 0, 4485, 0, 6, 3630, 0, 7, 450, 0, 0, 0
Wed Sep  1 01:36:47 2021, 0, 4485, 0, 6, 3630, 0, 7, 450, 0, 0, 0
Wed Sep  1 01:37:48 2021, 0, 4485, 0, 6, 3630, 0, 7, 450, 0, 0, 0
Wed Sep  1 01:38:48 2021, 0, 4485, 0, 6, 3630, 0, 7, 450, 0, 0, 0
Wed Sep  1 01:39:49 2021, 0, 4485, 0, 6, 3630, 0, 7, 450, 0, 0, 0
Wed Sep  1 01:40:49 2021, 0, 4485, 0, 6, 3630, 0, 7, 450, 0, 0, 0
Wed Sep  1 01:41:50 2021, 0, 4485, 0, 6, 3630, 0, 7, 450, 0, 0, 0
Wed Sep  1 01:42:51 2021, 0, 4485, 0, 6, 3630, 0, 7, 450, 0, 0, 0
Wed Sep  1 01:43:51 2021, 0, 4485, 0, 6, 3630, 0, 7, 450, 0, 0, 0
Wed Sep  1 01:44:52 2021, 0, 4485, 0, 6, 3630, 0, 7, 450, 0, 0, 0
Wed Sep  1 01:45:52 2021, 0, 4485, 0, 6, 3630, 0, 7, 450, 0, 0, 0
Wed Sep  1 01:46:53 2021, 0, 4485, 0, 6, 3630, 0, 7, 450, 0, 0, 0
Wed Sep  1 01:47:54 2021, 0, 4485, 0, 6, 3630, 0, 7, 450, 0, 0, 0
Wed Sep  1 01:48:54 2021, 0, 4485, 0, 6, 3630, 0, 7, 450, 0, 0, 0
Wed Sep  1 01:49:55 2021, 0, 4485, 0, 6, 3630, 0, 7, 450, 0, 0, 0
Wed Sep  1 01:50:55 2021, 0, 4485, 0, 6, 3630, 0, 7, 450, 0, 0, 0
Wed Sep  1 01:51:56 2021, 0, 4485, 0, 6, 3630, 0, 7, 450, 0, 0, 0
Wed Sep  1 01:52:56 2021, 0, 4485, 0, 6, 3630, 0, 7, 450, 0, 0, 0
Wed Sep  1 01:53:57 2021, 0, 4485, 0, 6, 3630, 0, 7, 450, 0, 0, 0
Wed Sep  1 01:54:58 2021, 0, 4485, 0, 6, 3630, 0, 7, 450, 0, 0, 0
Wed Sep  1 01:55:58 2021, 0, 4485, 0, 6, 3630, 0, 7, 450, 0, 0, 0
Wed Sep  1 01:56:59 2021, 0, 4485, 0, 6, 3630, 0, 7, 450, 0, 0, 0
Wed Sep  1 01:57:59 2021, 0, 4485, 0, 6, 3630, 0, 7, 450, 0, 20.6452, 0
Wed Sep  1 01:59:00 2021, 0, 4485, 0, 6, 3630, 0, 7, 450, 0, 0, 0
Wed Sep  1 02:00:00 2021, 0, 4485, 0, 6, 3630, 0, 7, 450, 0, 0, 0
Wed Sep  1 02:01:01 2021, 0, 4485, 0, 6, 3630, 0, 7, 450, 0, 0, 0
Wed Sep  1 02:02:02 2021, 0, 4485, 0, 6, 3630, 0, 7, 450, 0, 0, 0
Wed Sep  1 02:03:02 2021, 0, 4485, 0, 6, 3630, 0, 7, 450, 0, 0, 0
Wed Sep  1 02:04:03 2021, 0, 4485, 0, 6, 3630, 0, 7, 450, 0, 0, 0
Wed Sep  1 02:05:03 2021, 0, 4485, 0, 6, 3630, 0, 7, 450, 0, 0, 0
Wed Sep  1 02:06:04 2021, 0, 4485, 0, 6, 3630, 0, 7, 450, 0, 0, 0
Wed Sep  1 02:07:05 2021, 0, 4485, 0, 6, 3630, 0, 7, 450, 0, 0, 0
Wed Sep  1 02:08:05 2021, 0, 4485, 0, 6, 3630, 0, 7, 450, 0, 0, 0
Wed Sep  1 02:09:06 2021, 0, 4485, 0, 6, 3630, 0, 7, 450, 0, 0, 0
Wed Sep  1 02:10:06 2021, 0, 4485, 0, 6, 3630, 0, 7, 450, 0, 0, 0
Wed Sep  1 02:11:07 2021, 0, 4485, 0, 6, 3630, 0, 7, 450, 0, 0, 0
Wed Sep  1 02:12:08 2021, 0, 4485, 0, 6, 3630, 0, 7, 450, 0, 0, 0
Wed Sep  1 02:13:08 2021, 0, 4485, 0, 6, 3630, 0, 7, 450, 0, 0, 0
Wed Sep  1 02:14:09 2021, 0, 4485, 0, 6, 3630, 0, 7, 450, 0, 0, 0
Wed Sep  1 02:15:09 2021, 0, 4485, 0, 6, 3630, 0, 7, 450, 0, 0, 0
Wed Sep  1 02:16:10 2021, 0, 4485, 0, 6, 3630, 0, 7, 450, 0, 0, 0
Wed Sep  1 02:17:10 2021, 0, 4485, 0, 6, 3630, 0, 7, 450, 0, 0, 0
Wed Sep  1 02:18:11 2021, 0, 4485, 0, 6, 3630, 0, 7, 450, 0, 0, 0
Wed Sep  1 02:19:12 2021, 0, 4485, 0, 6, 3630, 0, 7, 450, 0, 0, 0
Wed Sep  1 02:20:12 2021, 0, 4485, 0, 6, 3630, 0, 7, 450, 0, 0, 0
Wed Sep  1 02:21:13 2021, 0, 4485, 0, 6, 3630, 0, 7, 450, 0, 0, 0
Wed Sep  1 02:22:13 2021, 0, 4485, 0, 6, 3630, 0, 7, 450, 0, 0, 0
Wed Sep  1 02:23:14 2021, 0, 4485, 0, 6, 3630, 0, 7, 450, 0, 0, 0
Wed Sep  1 02:24:14 2021, 0, 4485, 0, 6, 3630, 0, 7, 450, 0, 0, 0
Wed Sep  1 02:25:15 2021, 0, 4485, 0, 6, 3630, 0, 7, 450, 0, 0, 0
Wed Sep  1 02:26:16 2021, 0, 4485, 0, 6, 3630, 0, 7, 450, 0, 0, 0
Wed Sep  1 02:27:16 2021, 0, 4485, 0, 6, 3630, 0, 7, 450, 0, 0, 0
Wed Sep  1 02:28:17 2021, 0, 4485, 0, 6, 3630, 0, 7, 450, 0, 0, 0
Wed Sep  1 02:29:17 2021, 0, 4485, 0, 6, 3630, 0, 7, 450, 0, 0, 0
Wed Sep  1 02:30:18 2021, 0, 4485, 0, 6, 3630, 0, 7, 450, 0, 0, 0
Wed Sep  1 02:31:18 2021, 0, 4485, 0, 6, 3630, 0, 7, 450, 0, 0, 0
Wed Sep  1 02:32:19 2021, 0, 4485, 0, 6, 3630, 0, 7, 450, 0, 0, 0
Wed Sep  1 02:33:20 2021, 0, 4485, 0, 6, 3630, 0, 7, 450, 0, 0, 0
Wed Sep  1 02:34:20 2021, 0, 4485, 0, 6, 3630, 0, 7, 450, 0, 0, 0
Wed Sep  1 02:35:21 2021, 0, 4485, 0, 6, 3630, 0, 7, 450, 0, 0, 0
Wed Sep  1 02:36:21 2021, 0, 4485, 0, 6, 3630, 0, 7, 450, 0, 0, 0
Wed Sep  1 02:37:22 2021, 0, 4485, 0, 6, 3630, 0, 7, 450, 0, 0, 0
Wed Sep  1 02:38:23 2021, 0, 4485, 0, 6, 3630, 0, 7, 450, 0, 0, 0
Wed Sep  1 02:39:23 2021, 0, 4485, 0, 6, 3630, 0, 7, 450, 0, 0, 0
Wed Sep  1 02:40:24 2021, 0, 4485, 0, 6, 3630, 0, 7, 450, 0, 0, 0
Wed Sep  1 02:41:24 2021, 0, 4485, 0, 6, 3630, 0, 7, 450, 0, 0, 0
Wed Sep  1 02:42:25 2021, 0, 4485, 0, 6, 3630, 0, 7, 450, 0, 0, 0
Wed Sep  1 02:43:26 2021, 0, 4485, 0, 6, 3630, 0, 7, 450, 0, 0, 0
Wed Sep  1 02:44:26 2021, 0, 4485, 0, 6, 3630, 0, 7, 450, 0, 0, 0
Wed Sep  1 02:45:27 2021, 0, 4485, 0, 6, 3630, 0, 7, 450, 0, 0, 0
Wed Sep  1 02:46:27 2021, 0, 4485, 0, 6, 3630, 0, 7, 450, 0, 0, 0
Wed Sep  1 02:47:28 2021, 0, 4485, 0, 6, 3630, 0, 7, 450, 0, 0, 0
Wed Sep  1 02:48:29 2021, 0, 4485, 0, 6, 3630, 0, 7, 450, 0, 0, 0
Wed Sep  1 02:49:29 2021, 0, 4485, 0, 6, 3630, 0, 7, 450, 0, 0, 0
Wed Sep  1 02:50:30 2021, 0, 4485, 0, 6, 3630, 0, 7, 450, 0, 0, 0
Wed Sep  1 02:51:30 2021, 0, 4485, 0, 6, 3630, 0, 7, 450, 0, 0, 0
Wed Sep  1 02:52:31 2021, 0, 4485, 0, 6, 3630, 0, 7, 450, 0, 0, 0
Wed Sep  1 02:53:32 2021, 0, 4485, 0, 6, 3630, 0, 7, 450, 0, 0, 0
Wed Sep  1 02:54:32 2021, 0, 4485, 0, 6, 3630, 0, 7, 525, 0, 0, 0
Wed Sep  1 02:55:33 2021, 0, 4485, 0, 6, 3630, 0, 7, 450, 0, 0, 0
Wed Sep  1 02:56:33 2021, 0, 4485, 0, 6, 3630, 0, 7, 450, 0, 0, 0
Wed Sep  1 02:57:34 2021, 0, 4485, 0, 6, 3630, 0, 7, 525, 0, 0, 0
Wed Sep  1 02:58:34 2021, 0, 4485, 0, 6, 3630, 0, 7, 450, 0, 0, 0
Wed Sep  1 02:59:35 2021, 0, 4485, 0, 6, 3630, 0, 7, 525, 0, 0, 0
Wed Sep  1 03:00:36 2021, 0, 4485, 0, 6, 3630, 0, 7, 450, 0, 0, 0
Wed Sep  1 03:01:36 2021, 0, 4485, 0, 6, 3630, 0, 7, 450, 0, 0, 0
Wed Sep  1 03:02:37 2021, 0, 4485, 0, 6, 3630, 0, 7, 525, 0, 0, 0
Wed Sep  1 03:03:37 2021, 0, 4485, 0, 6, 3630, 0, 7, 525, 0, 0, 0
Wed Sep  1 03:04:38 2021, 0, 4485, 0, 6, 3630, 0, 7, 525, 0, 0, 0
Wed Sep  1 03:05:38 2021, 0, 4485, 0, 6, 3630, 0, 7, 525, 0, 0, 0
Wed Sep  1 03:06:39 2021, 0, 4485, 0, 6, 3630, 0, 7, 525, 0, 0, 0
Wed Sep  1 03:07:39 2021, 0, 4485, 0, 6, 3630, 0, 7, 525, 0, 0, 0
Wed Sep  1 03:08:40 2021, 0, 4485, 0, 6, 3630, 0, 7, 525, 0, 0, 0
Wed Sep  1 03:09:41 2021, 0, 4485, 0, 6, 3630, 0, 7, 525, 0, 0, 0
Wed Sep  1 03:10:41 2021, 0, 4485, 0, 6, 3630, 0, 7, 525, 0, 0, 0
Wed Sep  1 03:11:42 2021, 0, 4485, 0, 6, 3630, 0, 7, 525, 0, 0, 0
Wed Sep  1 03:12:42 2021, 0, 4485, 0, 6, 3630, 0, 7, 525, 0, 0, 0
Wed Sep  1 03:13:43 2021, 0, 4485, 0, 6, 3630, 0, 7, 525, 0, 0, 0
Wed Sep  1 03:14:44 2021, 0, 4485, 0, 6, 3630, 0, 7, 525, 0, 0, 0
Wed Sep  1 03:15:44 2021, 0, 4485, 0, 6, 3630, 0, 7, 525, 0, 0, 0
Wed Sep  1 03:16:45 2021, 0, 4485, 0, 6, 3630, 0, 7, 525, 0, 0, 0
Wed Sep  1 03:17:45 2021, 0, 4485, 0, 6, 3630, 0, 7, 525, 0, 0, 0
Wed Sep  1 03:18:46 2021, 0, 4485, 0, 6, 3630, 0, 7, 525, 0, 0, 0
Wed Sep  1 03:19:47 2021, 0, 4485, 0, 6, 3630, 0, 7, 525, 0, 0, 0
Wed Sep  1 03:20:47 2021, 0, 4485, 0, 6, 3630, 0, 7, 525, 0, 0, 0
Wed Sep  1 03:21:48 2021, 0, 4485, 0, 6, 3630, 0, 7, 525, 0, 0, 0
Wed Sep  1 03:22:48 2021, 0, 4485, 0, 6, 3630, 0, 7, 525, 0, 0, 0
Wed Sep  1 03:23:49 2021, 0, 4485, 0, 6, 3630, 0, 7, 525, 0, 0, 0
Wed Sep  1 03:24:50 2021, 0, 4485, 0, 6, 3630, 0, 7, 525, 0, 0, 0
Wed Sep  1 03:25:50 2021, 0, 4485, 0, 6, 3630, 0, 7, 525, 0, 0, 0
Wed Sep  1 03:26:51 2021, 0, 4485, 0, 6, 3630, 0, 7, 525, 0, 0, 0
Wed Sep  1 03:27:51 2021, 0, 4485, 0, 6, 3630, 0, 7, 525, 0, 0, 0
Wed Sep  1 03:28:52 2021, 0, 4485, 0, 6, 3630, 0, 7, 525, 0, 0, 0
Wed Sep  1 03:29:53 2021, 0, 4485, 0, 6, 3630, 0, 7, 525, 0, 0, 0
Wed Sep  1 03:30:53 2021, 0, 4485, 0, 6, 3630, 0, 7, 525, 0, 0, 0
Wed Sep  1 03:31:54 2021, 0, 4485, 0, 6, 3630, 0, 7, 525, 0, 0, 0
Wed Sep  1 03:32:54 2021, 0, 4485, 0, 6, 3630, 0, 7, 525, 0, 0, 0
Wed Sep  1 03:33:55 2021, 0, 4485, 0, 6, 3630, 0, 7, 525, 0, 0, 0
Wed Sep  1 03:34:55 2021, 0, 4485, 0, 6, 3630, 0, 7, 525, 0, 0, 0
Wed Sep  1 03:35:56 2021, 0, 4485, 0, 6, 3630, 0, 7, 525, 0, 10.3226, 0
Wed Sep  1 03:36:57 2021, 0, 4485, 0, 6, 3630, 0, 7, 525, 0, 0, 0
Wed Sep  1 03:37:57 2021, 0, 4485, 0, 6, 3630, 0, 7, 525, 0, 0, 0
Wed Sep  1 03:38:58 2021, 0, 4485, 0, 6, 3630, 0, 7, 525, 0, 0, 0
Wed Sep  1 03:39:58 2021, 0, 4485, 0, 6, 3630, 0, 7, 525, 0, 0, 0
Wed Sep  1 03:40:59 2021, 0, 4485, 0, 6, 3630, 0, 7, 525, 0, 0, 0
Wed Sep  1 03:41:59 2021, 0, 4485, 0, 6, 3630, 0, 7, 525, 0, 0, 0
Wed Sep  1 03:43:00 2021, 0, 4485, 0, 6, 3630, 0, 7, 525, 0, 0, 0
Wed Sep  1 03:44:01 2021, 0, 4485, 0, 6, 3630, 0, 7, 525, 0, 0, 0
Wed Sep  1 03:45:01 2021, 0, 4485, 0, 6, 3630, 0, 7, 525, 0, 0, 0
Wed Sep  1 03:46:02 2021, 0, 4485, 0, 6, 3630, 0, 7, 525, 0, 0, 0
Wed Sep  1 03:47:02 2021, 0, 4485, 0, 6, 3630, 0, 7, 525, 0, 0, 0
Wed Sep  1 03:48:03 2021, 0, 4485, 0, 6, 3630, 0, 7, 525, 0, 0, 0
Wed Sep  1 03:49:03 2021, 0, 4485, 0, 6, 3630, 0, 7, 525, 0, 0, 0
Wed Sep  1 03:50:04 2021, 0, 4485, 0, 6, 3630, 0, 7, 525, 0, 0, 0
Wed Sep  1 03:51:05 2021, 0, 4485, 0, 6, 3630, 0, 7, 525, 0, 0, 0
Wed Sep  1 03:52:05 2021, 0, 4485, 0, 6, 3630, 0, 7, 525, 0, 0, 0
Wed Sep  1 03:53:06 2021, 0, 4485, 0, 6, 3630, 0, 7, 525, 0, 0, 0
Wed Sep  1 03:54:06 2021, 0, 4485, 0, 6, 3630, 0, 7, 525, 0, 0, 0
Wed Sep  1 03:55:07 2021, 0, 4485, 0, 6, 3630, 0, 7, 525, 0, 0, 0
Wed Sep  1 03:56:08 2021, 0, 4485, 0, 6, 3630, 0, 7, 525, 0, 0, 0
Wed Sep  1 03:57:08 2021, 0, 4485, 0, 6, 3630, 0, 7, 525, 0, 0, 0
Wed Sep  1 03:58:09 2021, 0, 4485, 0, 6, 3630, 0, 7, 525, 0, 0, 0
Wed Sep  1 03:59:09 2021, 0, 4485, 0, 6, 3630, 0, 7, 525, 0, 0, 0
Wed Sep  1 04:00:10 2021, 0, 4485, 0, 6, 3630, 0, 7, 525, 0, 0, 0
Wed Sep  1 04:01:11 2021, 0, 4485, 0, 6, 3630, 0, 7, 525, 0, 0, 0
Wed Sep  1 04:02:11 2021, 0, 4485, 0, 6, 3630, 0, 7, 525, 0, 0, 0
Wed Sep  1 04:03:12 2021, 0, 4485, 0, 6, 3630, 0, 7, 525, 0, 0, 0
Wed Sep  1 04:04:12 2021, 0, 4485, 0, 6, 3630, 0, 7, 525, 0, 0, 0
Wed Sep  1 04:05:13 2021, 0, 4485, 0, 6, 3630, 0, 7, 525, 0, 0, 0
Wed Sep  1 04:06:13 2021, 0, 4485, 0, 6, 3630, 0, 7, 525, 0, 0, 0
Wed Sep  1 04:07:14 2021, 0, 4485, 0, 6, 3630, 0, 7, 525, 0, 0, 0
Wed Sep  1 04:08:15 2021, 0, 4485, 0, 6, 3630, 0, 7, 525, 0, 0, 0
Wed Sep  1 04:09:15 2021, 0, 4485, 0, 6, 3630, 0, 7, 525, 0, 0, 0
Wed Sep  1 04:10:16 2021, 0, 4485, 0, 6, 3630, 0, 7, 525, 0, 0, 0
Wed Sep  1 04:11:16 2021, 0, 4485, 0, 6, 3630, 0, 7, 525, 0, 0, 0
Wed Sep  1 04:12:17 2021, 0, 4485, 0, 6, 3630, 0, 7, 525, 0, 0, 0
Wed Sep  1 04:13:17 2021, 0, 4485, 0, 6, 3630, 0, 7, 525, 0, 0, 0
Wed Sep  1 04:14:18 2021, 0, 4485, 0, 6, 3630, 0, 7, 525, 0, 0, 0
Wed Sep  1 04:15:19 2021, 0, 4485, 0, 6, 3630, 0, 7, 525, 0, 0, 0
Wed Sep  1 04:16:19 2021, 0, 4485, 0, 6, 3630, 0, 7, 525, 0, 0, 0
Wed Sep  1 04:17:20 2021, 0, 4485, 0, 6, 3630, 0, 7, 525, 0, 0, 0
Wed Sep  1 04:18:20 2021, 0, 4485, 0, 6, 3630, 0, 7, 525, 0, 0, 0
Wed Sep  1 04:19:21 2021, 0, 4485, 0, 6, 3630, 0, 7, 525, 0, 0, 0
Wed Sep  1 04:20:21 2021, 0, 4485, 0, 6, 3630, 0, 7, 525, 0, 0, 0
Wed Sep  1 04:21:22 2021, 0, 4485, 0, 6, 3630, 0, 7, 525, 0, 0, 0
Wed Sep  1 04:22:23 2021, 0, 4485, 0, 6, 3630, 0, 7, 525, 0, 0, 0
Wed Sep  1 04:23:23 2021, 0, 4485, 0, 6, 3630, 0, 7, 525, 0, 0, 0
Wed Sep  1 04:24:24 2021, 0, 4485, 0, 6, 3630, 0, 7, 525, 0, 0, 0
Wed Sep  1 04:25:24 2021, 0, 4485, 0, 6, 3630, 0, 7, 525, 0, 0, 0
Wed Sep  1 04:26:25 2021, 0, 4485, 0, 6, 3630, 0, 7, 525, 0, 0, 0
Wed Sep  1 04:27:26 2021, 0, 4485, 0, 6, 3630, 0, 7, 525, 0, 0, 0
Wed Sep  1 04:28:26 2021, 0, 4485, 0, 6, 3630, 0, 7, 525, 0, 0, 0
Wed Sep  1 04:29:27 2021, 0, 4485, 0, 6, 3630, 0, 7, 525, 0, 0, 0
Wed Sep  1 04:30:27 2021, 0, 4485, 0, 6, 3630, 0, 7, 525, 0, 0, 0
Wed Sep  1 04:31:28 2021, 0, 4485, 0, 6, 3630, 0, 7, 525, 0, 0, 0
Wed Sep  1 04:32:29 2021, 0, 4485, 0, 6, 3630, 0, 7, 525, 0, 0, 0
Wed Sep  1 04:33:29 2021, 0, 4485, 0, 6, 3630, 0, 7, 525, 0, 0, 0
Wed Sep  1 04:34:30 2021, 0, 4485, 0, 6, 3630, 0, 7, 525, 0, 0, 0
Wed Sep  1 04:35:30 2021, 0, 4485, 0, 6, 3630, 0, 7, 525, 0, 0, 0
Wed Sep  1 04:36:31 2021, 0, 4485, 0, 6, 3630, 0, 7, 525, 0, 0, 0
Wed Sep  1 04:37:32 2021, 0, 4485, 0, 6, 3630, 0, 7, 525, 0, 0, 0
Wed Sep  1 04:38:32 2021, 0, 4485, 0, 6, 3630, 0, 7, 525, 0, 0, 0
Wed Sep  1 04:39:33 2021, 0, 4485, 0, 6, 3630, 0, 7, 525, 0, 0, 0
Wed Sep  1 04:40:33 2021, 0, 4485, 0, 6, 3630, 0, 7, 525, 0, 0, 0
Wed Sep  1 04:41:34 2021, 0, 4485, 0, 6, 3630, 0, 7, 525, 0, 0, 0
Wed Sep  1 04:42:34 2021, 0, 4485, 0, 6, 3630, 0, 7, 525, 0, 0, 0
Wed Sep  1 04:43:35 2021, 0, 4485, 0, 6, 3630, 0, 7, 525, 0, 0, 0
Wed Sep  1 04:44:36 2021, 0, 4485, 0, 6, 3630, 0, 7, 525, 0, 0, 0
Wed Sep  1 04:45:36 2021, 0, 4485, 0, 6, 3630, 0, 7, 525, 0, 0, 0
Wed Sep  1 04:46:37 2021, 0, 4485, 0, 6, 3630, 0, 7, 525, 0, 0, 0
Wed Sep  1 04:47:37 2021, 0, 4485, 0, 6, 3630, 0, 7, 525, 0, 0, 0
Wed Sep  1 04:48:38 2021, 0, 4485, 0, 6, 3630, 0, 7, 525, 0, 0, 0
Wed Sep  1 04:49:38 2021, 0, 4485, 0, 6, 3630, 0, 7, 525, 0, 0, 0
Wed Sep  1 04:50:39 2021, 0, 4485, 0, 6, 3630, 0, 7, 525, 0, 0, 0
Wed Sep  1 04:51:40 2021, 0, 4485, 0, 6, 3630, 0, 7, 525, 0, 0, 0
Wed Sep  1 04:52:40 2021, 0, 4485, 0, 6, 3630, 0, 7, 525, 0, 0, 0
Wed Sep  1 04:53:41 2021, 0, 4485, 0, 6, 3630, 0, 7, 525, 0, 0, 0
Wed Sep  1 04:54:41 2021, 0, 4485, 0, 6, 3630, 0, 7, 525, 0, 0, 0
Wed Sep  1 04:55:42 2021, 0, 4485, 0, 6, 3630, 0, 7, 525, 0, 0, 0
Wed Sep  1 04:56:42 2021, 0, 4485, 0, 6, 3630, 0, 7, 525, 0, 0, 0
Wed Sep  1 04:57:43 2021, 0, 4485, 0, 6, 3630, 0, 7, 525, 0, 0, 0
Wed Sep  1 04:58:44 2021, 0, 4485, 0, 6, 3630, 0, 7, 525, 0, 0, 0
Wed Sep  1 04:59:44 2021, 0, 4485, 0, 6, 3630, 0, 7, 525, 0, 0, 0
Wed Sep  1 05:00:45 2021, 0, 4485, 0, 6, 3630, 0, 7, 525, 0, 0, 0
Wed Sep  1 05:01:45 2021, 0, 4485, 0, 6, 3630, 0, 7, 525, 0, 0, 0
Wed Sep  1 05:02:46 2021, 0, 4485, 0, 6, 3630, 0, 7, 525, 0, 0, 0
Wed Sep  1 05:03:46 2021, 0, 4485, 0, 6, 3630, 0, 7, 525, 0, 0, 0
Wed Sep  1 05:04:47 2021, 0, 4485, 0, 6, 3630, 0, 7, 525, 0, 0, 0
Wed Sep  1 05:05:48 2021, 0, 4485, 0, 6, 3630, 0, 7, 525, 0, 0, 0
Wed Sep  1 05:06:48 2021, 0, 4485, 0, 6, 3630, 0, 7, 525, 0, 0, 0
Wed Sep  1 05:07:49 2021, 0, 4485, 0, 6, 3630, 0, 7, 525, 0, 0, 0
Wed Sep  1 05:08:49 2021, 0, 4485, 0, 6, 3630, 0, 7, 525, 0, 0, 0
Wed Sep  1 05:09:50 2021, 0, 4485, 0, 6, 3630, 0, 7, 525, 0, 0, 0
Wed Sep  1 05:10:50 2021, 0, 4485, 0, 6, 3630, 0, 7, 525, 0, 0, 0
Wed Sep  1 05:11:51 2021, 0, 4485, 0, 6, 3630, 0, 7, 525, 0, 0, 0
Wed Sep  1 05:12:51 2021, 0, 4485, 0, 6, 3630, 0, 7, 525, 0, 0, 0
Wed Sep  1 05:13:52 2021, 0, 4485, 0, 6, 3630, 0, 7, 525, 0, 0, 0
Wed Sep  1 05:14:53 2021, 0, 4485, 0, 6, 3630, 0, 7, 525, 0, 0, 0
Wed Sep  1 05:15:53 2021, 0, 4485, 0, 6, 3630, 0, 7, 525, 0, 0, 0
Wed Sep  1 05:16:54 2021, 0, 4485, 0, 6, 3630, 0, 7, 525, 0, 0, 0
Wed Sep  1 05:17:54 2021, 0, 4485, 0, 6, 3630, 0, 7, 525, 0, 0, 0
Wed Sep  1 05:18:55 2021, 0, 4485, 0, 6, 3630, 0, 7, 525, 0, 0, 0
Wed Sep  1 05:19:56 2021, 0, 4485, 0, 6, 3630, 0, 7, 525, 0, 0, 0
Wed Sep  1 05:20:56 2021, 0, 4485, 0, 6, 3630, 0, 7, 525, 0, 0, 0
Wed Sep  1 05:21:57 2021, 0, 4485, 0, 6, 3630, 0, 7, 525, 0, 0, 0
Wed Sep  1 05:22:57 2021, 0, 4485, 0, 6, 3630, 0, 7, 525, 0, 0, 0
Wed Sep  1 05:23:58 2021, 0, 4485, 0, 6, 3630, 0, 7, 525, 0, 0, 0
Wed Sep  1 05:24:59 2021, 0, 4485, 0, 6, 3630, 0, 7, 525, 0, 0, 0
Wed Sep  1 05:25:59 2021, 0, 4485, 0, 6, 3630, 0, 7, 525, 0, 0, 0
Wed Sep  1 05:27:00 2021, 0, 4485, 0, 6, 3630, 0, 7, 525, 0, 0, 0
Wed Sep  1 05:28:00 2021, 0, 4485, 0, 6, 3630, 0, 7, 525, 0, 0, 0
Wed Sep  1 05:29:01 2021, 0, 4485, 0, 6, 3630, 0, 7, 525, 0, 0, 0
Wed Sep  1 05:30:01 2021, 0, 4485, 0, 6, 3630, 0, 7, 525, 0, 0, 0
Wed Sep  1 05:30:56 2021, 0, 4485, 0, 6, 3630, 0, 7, 525, 0, 0, 0
Wed Sep  1 05:31:17 2021, 0, 4485, 0, 6, 3630, 0, 7, 525, 0, 0, 0
Wed Sep  1 05:31:57 2021, 0, 4485, 0, 6, 3630, 0, 7, 525, 0, 0, 4
Wed Sep  1 05:32:57 2021, 0, 4485, 0, 6, 3630, 0, 7, 525, 0, 0, 4
Wed Sep  1 05:33:58 2021, 0, 4485, 0, 6, 3630, 0, 7, 525, 0, 0, 4
Wed Sep  1 05:34:58 2021, 0, 4485, 0, 6, 3630, 0, 7, 525, 0, 0, 3
Wed Sep  1 05:35:59 2021, 0, 4498, 800, 6, 3630, 0, 7, 600, 0, 0, 3
Wed Sep  1 05:37:00 2021, 0, 4511, 800, 6, 3630, 0, 7, 600, 0, 0, 3
Wed Sep  1 05:38:00 2021, 0, 4537, 800, 6, 3630, 0, 7, 600, 0, 0, 3
Wed Sep  1 05:39:01 2021, 0, 4550, 800, 6, 3630, 0, 7, 600, 0, 0, 3
Wed Sep  1 05:40:01 2021, 0, 4563, 800, 6, 3630, 0, 7,600, 0, 0, 3
Wed Sep  1 05:41:02 2021, 0, 4576, 800, 6, 3630, 0, 7,600, 0, 0, 3
Wed Sep  1 05:42:02 2021, 0, 4589, 800, 6, 3630, 0, 7,600, 0, 0, 3
Wed Sep  1 05:43:03 2021, 0, 4602, 800, 6, 3630, 0, 7,600, 0, 0, 3
Wed Sep  1 05:44:04 2021, 0, 4615, 800, 6, 3630, 0, 7,600, 0, 0, 3
Wed Sep  1 05:45:04 2021, 0, 4628, 800, 6, 3630, 0, 7,600, 0, 0, 3
Wed Sep  1 05:46:05 2021, 0, 4641, 800, 6, 3630, 0, 7,600, 0, 0, 3
Wed Sep  1 05:47:05 2021, 0, 4654, 800, 6, 3630, 0, 7,600, 0, 0, 1
Wed Sep  1 05:48:06 2021, 0, 4667, 800, 6, 3630, 0, 7,600, 0, 0, 1
Wed Sep  1 05:49:06 2021, 0, 4680, 800, 6, 3630, 0, 7,600, 0, 0, 1
Wed Sep  1 05:50:07 2021, 0, 4693, 800, 6, 3630, 0, 7,600, 0, 0, 1
Wed Sep  1 05:51:08 2021, 0, 4706, 800, 6, 3630, 0, 7,600, 0, 0, 1
Wed Sep  1 05:52:08 2021, 0, 4719, 800, 6, 3630, 0, 7,600, 0, 0, 1
Wed Sep  1 05:53:09 2021, 0, 4732, 800, 6, 3630, 0, 7,600, 0, 0, 1
Wed Sep  1 05:54:09 2021, 0, 4745, 800, 6, 3630, 0, 7,600, 0, 0, 1
Wed Sep  1 05:55:10 2021, 0, 4758, 800, 6, 3630, 0, 7,600, 0, 0, 1
Wed Sep  1 05:56:10 2021, 0, 4771, 800, 6, 3630, 0, 7,600, 0, 0, 1
Wed Sep  1 05:57:11 2021, 0, 4784, 800, 6, 3630, 0, 7,600, 0, 0, 1
Wed Sep  1 05:58:12 2021, 0, 4797, 800, 6, 3630, 0, 7,600, 0, 0, 1
Wed Sep  1 05:59:12 2021, 0, 4810, 800, 6, 3630, 0, 7,600, 0, 0, 1
Wed Sep  1 06:00:13 2021, 0, 4823, 800, 6, 3630, 0, 7,600, 0, 0, 1
Wed Sep  1 06:01:13 2021, 0, 4836, 800, 6, 3630, 0, 7,600, 0, 0, 1
Wed Sep  1 06:02:14 2021, 0, 4849, 800, 6, 3630, 0, 7,600, 0, 0, 1
Wed Sep  1 06:03:15 2021, 0, 4862, 800, 6, 3630, 0, 7,600, 0, 0, 1
Wed Sep  1 06:04:15 2021, 0, 4875, 800, 6, 3630, 0, 7,600, 0, 0, 1
Wed Sep  1 06:05:16 2021, 0, 4888, 800, 6, 3630, 0, 7,600, 0, 0, 1
Wed Sep  1 06:06:16 2021, 0, 4901, 800, 6, 3630, 0, 7,600, 0, 0, 1
Wed Sep  1 06:07:17 2021, 0, 4914, 800, 6, 3630, 0, 7,600, 0, 0, 1
Wed Sep  1 06:08:17 2021, 0, 4927, 800, 6, 3630, 0, 7,600, 0, 0, 1
Wed Sep  1 06:09:18 2021, 0, 4940, 800, 6, 3630, 0, 7,600, 0, 0, 1
Wed Sep  1 06:10:19 2021, 0, 4953, 800, 6, 3630, 0, 7,600, 0, 0, 1
Wed Sep  1 06:11:19 2021, 0, 4966, 800, 6, 3630, 0, 7,600, 0, 0, 1
Wed Sep  1 06:12:20 2021, 0, 4979, 800, 6, 3630, 0, 7,600, 0, 0, 1
Wed Sep  1 06:13:20 2021, 0, 4992, 800, 6, 3630, 0, 7,600, 0, 0, 1
Wed Sep  1 06:14:21 2021, 0, 5005, 800, 6, 3630, 0, 7,600, 0, 0, 1
Wed Sep  1 06:15:21 2021, 0, 5018, 800, 6, 3630, 0, 7,600, 0, 0, 1
Wed Sep  1 06:16:22 2021, 0, 5031, 800, 6, 3630, 0, 7,600, 0, 0, 1
Wed Sep  1 06:17:22 2021, 0, 5044, 800, 6, 3630, 0, 7,600, 0, 0, 1
Wed Sep  1 06:18:23 2021, 0, 5057, 800, 6, 3630, 0, 7,600, 0, 0, 1
Wed Sep  1 06:19:23 2021, 0, 5070, 800, 6, 3630, 0, 7,600, 0, 0, 1
Wed Sep  1 06:20:24 2021, 0, 5083, 800, 6, 3630, 0, 7,600, 0, 0, 1
Wed Sep  1 06:21:24 2021, 0, 5096, 800, 6, 3630, 0, 7,600, 0, 0, 1
Wed Sep  1 06:22:25 2021, 0, 5109, 800, 6, 3630, 0, 7,600, 0, 0, 0
Wed Sep  1 06:23:25 2021, 0, 5109, 0, 6, 3630, 0, 7,625, 0, 0, 0
Wed Sep  1 06:24:26 2021, 0, 5109, 0, 6, 3630, 0, 7,625, 0, 0, 0
Wed Sep  1 06:25:26 2021, 0, 5109, 0, 6, 3630, 0, 7,625, 0, 0, 0
Wed Sep  1 06:26:27 2021, 0, 5109, 0, 6, 3630, 0, 7,625, 0, 0, 0
Wed Sep  1 06:27:27 2021, 0, 5109, 0, 6, 3630, 0, 7,625, 0, 0, 0
Wed Sep  1 06:28:28 2021, 0, 5109, 0, 6, 3630, 0, 7,625, 0, 20.6452, 0
Wed Sep  1 06:29:29 2021, 0, 5109, 0, 6, 3630, 0, 7,625, 0, 0, 0
Wed Sep  1 06:30:29 2021, 0, 5109, 0, 6, 3630, 0, 7,625, 0, 0, 0
Wed Sep  1 06:31:30 2021, 0, 5109, 0, 6, 3630, 0, 7,625, 0, 0, 0
Wed Sep  1 06:32:30 2021, 0, 5109, 0, 6, 3630, 0, 7,625, 0, 0, 0
Wed Sep  1 06:33:31 2021, 0, 5109, 0, 6, 3630, 0, 7,625, 0, 0, 0
Wed Sep  1 06:34:31 2021, 0, 5109, 0, 6, 3630, 0, 7,625, 0, 0, 0
Wed Sep  1 06:35:32 2021, 0, 5109, 0, 6, 3630, 0, 7,625, 0, 0, 0
Wed Sep  1 06:36:32 2021, 0, 5109, 0, 6, 3630, 0, 7,625, 0, 0, 0
Wed Sep  1 06:37:33 2021, 0, 5109, 0, 6, 3630, 0, 7,625, 0, 0, 0
Wed Sep  1 06:38:33 2021, 0, 5109, 0, 6, 3630, 0, 7,625, 0, 0, 0
Wed Sep  1 06:39:34 2021, 0, 5109, 0, 6, 3630, 0, 7,625, 0, 0, 0
Wed Sep  1 06:40:35 2021, 0, 5109, 0, 6, 3630, 0, 7,625, 0, 0, 0
Sun Aug 15 06:41:29 2021, 0, 5109, 0, 6, 3630, 0, 7, 0, 0, 0, 0
Sun Aug 15 06:42:30 2021, 0, 5109, 0, 6, 3630, 0, 7, 0, 0, 0, 0
Sun Aug 15 06:43:30 2021, 0, 5109, 0, 6, 3630, 0, 7, 0, 0, 0, 0
Sun Aug 15 06:44:31 2021, 0, 5109, 0, 6, 3630, 0, 7, 0, 0, 0, 0
Sun Aug 15 06:45:31 2021, 0, 5109, 0, 6, 3630, 0, 7, 0, 0, 0, 0
Sun Aug 15 06:46:32 2021, 0, 5109, 0, 6, 3630, 0, 7, 0, 0, 0, 0
Sun Aug 15 06:47:33 2021, 0, 5109, 0, 6, 3630, 0, 7, 0, 0, 0, 0
Sun Aug 15 06:48:49 2021, 0, 0, 0, 6, 0, 0, 7, 0, 0, 0, 0
Sun Aug 15 06:49:49 2021, 0, 0, 0, 6, 0, 0, 7, 0, 0, 0, 0
Sun Aug 15 06:50:49 2021, 0, 0, 0, 6, 0, 0, 7, 0, 0, 0, 0
Sun Aug 15 06:51:49 2021, 0, 0, 0, 6, 0, 0, 7, 0, 0, 0, 0
Sun Aug 15 06:52:49 2021, 0, 0, 0, 6, 0, 0, 7, 0, 0, 0, 0
Sun Aug 15 06:53:49 2021, 0, 0, 0, 6, 0, 0, 7, 0, 0, 0, 0
Sun Aug 15 06:54:49 2021, 0, 0, 0, 6, 0, 0, 7, 0, 0, 0, 0
Sun Aug 15 06:55:49 2021, 0, 0, 0, 6, 0, 0, 7, 0, 0, 0, 0
Sun Aug 15 06:56:49 2021, 0, 0, 0, 6, 0, 0, 7, 0, 0, 0, 0
Sun Aug 15 06:57:49 2021, 0, 0, 0, 6, 0, 0, 7, 0, 0, 0, 0
Sun Aug 15 06:58:49 2021, 0, 0, 0, 6, 0, 0, 7, 0, 0, 0, 0
Sun Aug 15 06:59:49 2021, 0, 0, 0, 6, 0, 0, 7, 0, 0, 0, 0
Sun Aug 15 07:00:49 2021, 0, 0, 0, 6, 0, 0, 7, 0, 0, 0, 0
Sun Aug 15 07:01:49 2021, 0, 0, 0, 6, 0, 0, 7, 0, 0, 0, 0
Sun Aug 15 07:02:49 2021, 0, 0, 0, 6, 0, 0, 7, 0, 0, 0, 0
Sun Aug 15 07:03:49 2021, 0, 0, 0, 6, 0, 0, 7, 0, 0, 0, 0
Sun Aug 15 07:04:49 2021, 0, 0, 0, 6, 0, 0, 7, 0, 0, 0, 0
Sun Aug 15 07:05:49 2021, 0, 0, 0, 6, 0, 0, 7, 0, 0, 0, 0
Sun Aug 15 07:06:49 2021, 0, 0, 0, 6, 0, 0, 7, 0, 0, 0, 0
Sun Aug 15 07:07:49 2021, 0, 0, 0, 6, 0, 0, 7, 0, 0, 0, 0
Sun Aug 15 07:08:49 2021, 0, 0, 0, 6, 0, 0, 7, 0, 0, 0, 0
Sun Aug 15 07:09:49 2021, 0, 0, 0, 6, 0, 0, 7, 0, 0, 4700, 0
Wed Sep  1 07:10:51 2021, 0, 0, 0, 6, 0, 0, 7, 0, 0, 0, 0
Wed Sep  1 07:11:52 2021, 0, 0, 0, 6, 3630, 0, 7, 3300, 0, 0, 0
Wed Sep  1 07:12:53 2021, 0, 0, 0, 6, 3630, 0, 7, 3300, 0, 0, 0
Wed Sep  1 07:13:53 2021, 0, 0, 0, 6, 3630, 0, 7, 3300, 0, 10.3226, 0
Wed Sep  1 07:14:54 2021, 0, 0, 0, 6, 3630, 0, 7, 3300, 0, 0, 0
Wed Sep  1 07:15:54 2021, 0, 0, 0, 6, 3630, 0, 7, 3300, 0, 0, 0
Wed Sep  1 07:16:55 2021, 0, 0, 0, 6, 3630, 0, 7, 3225, 0, 0, 0
Wed Sep  1 07:17:55 2021, 0, 0, 0, 6, 3630, 0, 7, 3225, 0, 0, 0
Wed Sep  1 07:18:56 2021, 0, 0, 0, 6, 3630, 0, 7, 3225, 0, 0, 0
Wed Sep  1 07:19:56 2021, 0, 0, 0, 6, 3630, 0, 7, 3225, 0, 10.3226, 0
Wed Sep  1 07:20:57 2021, 0, 0, 0, 6, 3630, 0, 7, 3225, 0, 41.2903, 0
Wed Sep  1 07:21:57 2021, 0, 0, 0, 6, 3630, 0, 7, 3225, 0, 340.645, 0
Wed Sep  1 07:22:58 2021, 0, 0, 0, 6, 3630, 0, 7, 3075, 0, 361.29, 0
Wed Sep  1 07:23:58 2021, 0, 13, 800, 6, 3630, 0, 7, 2850, 0, 361.29, 1
Wed Sep  1 07:24:59 2021, 0, 26, 800, 6, 3630, 0, 7, 2850, 0, 361.29, 1
Wed Sep  1 07:25:59 2021, 0, 39, 800, 6, 3630, 0, 7, 2850, 0, 350.968, 1
Wed Sep  1 07:27:00 2021, 0, 52, 800, 6, 3630, 0, 7, 2850, 0, 361.29, 1
Wed Sep  1 07:28:00 2021, 0, 65, 800, 6, 3630, 0, 7, 2850, 0, 361.29, 1
Wed Sep  1 07:29:01 2021, 0, 78, 800, 6, 3630, 0, 7, 2775, 0, 350.968, 1
Wed Sep  1 07:30:01 2021, 0, 91, 800, 6, 3630, 0, 7, 2775, 0, 361.29, 1
Wed Sep  1 07:31:02 2021, 0, 104, 800, 6, 3630, 0, 7, 2775, 0, 361.29, 1
Wed Sep  1 07:32:03 2021, 0, 117, 800, 6, 3630, 0, 7, 2775, 0, 361.29, 1
Wed Sep  1 07:33:03 2021, 0, 130, 800, 6, 3630, 0, 7, 2775, 0, 361.29, 1
Wed Sep  1 07:34:04 2021, 0, 143, 800, 6, 3630, 0, 7, 2775, 0, 361.29, 1
Wed Sep  1 07:35:04 2021, 0, 156, 800, 6, 3630, 0, 7, 2775, 0, 361.29, 1
Wed Sep  1 07:36:05 2021, 0, 169, 800, 6, 3630, 0, 7, 2775, 0, 361.29, 1
Wed Sep  1 07:37:05 2021, 0, 182, 800, 6, 3630, 0, 7, 2775, 0, 361.29, 1
Wed Sep  1 07:38:06 2021, 0, 195, 800, 6, 3630, 0, 7, 2625, 0, 361.29, 1
Wed Sep  1 07:39:07 2021, 0, 208, 800, 6, 3630, 0, 7, 2625, 0, 361.29, 1
Wed Sep  1 07:40:07 2021, 0, 221, 800, 6, 3630, 0, 7, 2550, 0, 361.29, 1
Wed Sep  1 07:41:08 2021, 0, 234, 800, 6, 3630, 0, 7, 2550, 0, 371.613, 1
Wed Sep  1 07:42:08 2021, 0, 247, 800, 6, 3630, 0, 7, 2550, 0, 371.613, 1
Wed Sep  1 07:43:09 2021, 0, 260, 800, 6, 3630, 0, 7, 2475, 0, 4800, 1
Wed Sep  1 07:44:10 2021, 0, 348, 5300, 6, 3630, 0, 7, 2475, 0, 4841.29, 1
Wed Sep  1 07:45:10 2021, 0, 436, 5300, 6, 3630, 0, 7, 2400, 0, 4830.97, 1
Wed Sep  1 07:46:11 2021, 0, 612, 5300, 6, 3630, 0, 7, 2250, 0, 4779.35, 1
Wed Sep  1 07:47:11 2021, 0, 700, 5300, 6, 3630, 0, 7, 2175, 0, 4769.03, 1
Wed Sep  1 07:48:12 2021, 0, 788, 5300, 6, 3630, 0, 7, 2175, 0, 4830.97, 1
Wed Sep  1 07:49:12 2021, 0, 876, 5300, 6, 3630, 0, 7, 2175, 0, 4800, 1
Wed Sep  1 07:50:13 2021, 0, 964, 5300, 6, 3630, 0, 7, 2025, 0, 4830.97, 1
Wed Sep  1 07:51:14 2021, 0, 1052, 5300, 6, 3630, 0, 7, 1950, 0, 4779.35, 1
Wed Sep  1 07:52:14 2021, 0, 1140, 5300, 6, 3630, 0, 7, 1875, 0, 4779.35, 1
Wed Sep  1 07:53:15 2021, 0, 1228, 5300, 6, 3630, 0, 7, 1875, 0, 4810.32, 1
Wed Sep  1 07:54:15 2021, 0, 1316, 5300, 6, 3630, 0, 7, 1725, 0, 4800, 1
Wed Sep  1 07:55:16 2021, 0, 1404, 5300, 6, 3630, 0, 7, 1650, 0, 4789.68, 1
Wed Sep  1 07:56:16 2021, 0, 1492, 5300, 6, 3630, 0, 7, 1650, 0, 4800, 1
Wed Sep  1 07:57:17 2021, 0, 1580, 5300, 6, 3630, 0, 7, 1575, 0, 4748.39, 1
Wed Sep  1 07:58:18 2021, 0, 1668, 5300, 6, 3630, 0, 7, 1575, 0, 4727.74, 1
Wed Sep  1 07:59:18 2021, 0, 1756, 5300, 6, 3630, 0, 7, 1425, 0, 4779.35, 1
Wed Sep  1 08:00:19 2021, 0, 1844, 5300, 6, 3630, 0, 7, 1350, 0, 4727.74, 1
Wed Sep  1 08:01:19 2021, 0, 1932, 5300, 6, 3630, 0, 7, 1275, 0, 4738.06, 1
Wed Sep  1 08:02:20 2021, 0, 2020, 5300, 6, 3630, 0, 7, 1200, 0, 4769.03, 1
Wed Sep  1 08:03:20 2021, 0, 2033, 800, 6, 3630, 0, 7, 1050, 0, 392.258, 1
Wed Sep  1 08:04:21 2021, 0, 2046, 800, 6, 3630, 0, 7, 1050, 0, 402.581, 1
Wed Sep  1 08:05:22 2021, 0, 2059, 800, 6, 3630, 0, 7, 1050, 0, 392.258, 1
Wed Sep  1 08:06:22 2021, 0, 2072, 800, 6, 3630, 0, 7, 975, 0, 402.581, 1
Wed Sep  1 08:07:23 2021, 0, 2085, 800, 6, 3630, 0, 7, 975, 0, 402.581, 1
Wed Sep  1 08:08:23 2021, 0, 2098, 800, 6, 3630, 0, 7, 975, 0, 402.581, 1
Wed Sep  1 08:09:24 2021, 0, 2111, 800, 6, 3630, 0, 7, 975, 0, 402.581, 1
Wed Sep  1 08:10:24 2021, 0, 2124, 800, 6, 3630, 0, 7, 975, 0, 402.581, 1
Wed Sep  1 08:11:25 2021, 0, 2137, 800, 6, 3630, 0, 7, 975, 0, 402.581, 1
Wed Sep  1 08:12:26 2021, 0, 2150, 800, 6, 3630, 0, 7, 975, 0, 402.581, 1
Wed Sep  1 08:13:26 2021, 0, 2163, 800, 6, 3630, 0, 7, 975, 0, 402.581, 1
Wed Sep  1 08:14:27 2021, 0, 2176, 800, 6, 3630, 0, 7, 975, 0, 402.581, 1
Wed Sep  1 08:15:27 2021, 0, 2189, 800, 6, 3630, 0, 7, 975, 0, 402.581, 1
Wed Sep  1 08:16:28 2021, 0, 2202, 800, 6, 3630, 0, 7, 975, 0, 402.581, 1
Wed Sep  1 08:17:28 2021, 0, 2215, 800, 6, 3630, 0, 7, 900, 0, 402.581, 1
Wed Sep  1 08:18:29 2021, 0, 2228, 800, 6, 3630, 0, 7, 900, 0, 402.581, 1
Wed Sep  1 08:19:30 2021, 0, 2241, 800, 6, 3630, 0, 7, 900, 0, 402.581, 1
Wed Sep  1 08:20:30 2021, 0, 2254, 800, 6, 3630, 0, 7, 900, 0, 412.903, 1
Wed Sep  1 08:21:31 2021, 0, 2267, 800, 6, 3630, 0, 7, 825, 0, 402.581, 1
Wed Sep  1 08:22:31 2021, 0, 2280, 800, 6, 3630, 0, 7, 825, 0, 402.581, 1
Wed Sep  1 08:23:32 2021, 0, 2293, 800, 6, 3630, 0, 7, 825, 0, 412.903, 1
Wed Sep  1 08:24:33 2021, 0, 2306, 800, 6, 3630, 0, 7, 825, 0, 412.903, 1
Wed Sep  1 08:25:33 2021, 0, 2319, 800, 6, 3630, 0, 7, 825, 0, 412.903, 1
Wed Sep  1 08:26:34 2021, 0, 2332, 800, 6, 3630, 0, 7, 825, 0, 412.903, 1
Wed Sep  1 08:27:34 2021, 0, 2345, 800, 6, 3630, 0, 7, 825, 0, 412.903, 1
Wed Sep  1 08:28:35 2021, 0, 2358, 800, 6, 3630, 0, 7, 750, 0, 412.903, 1
Wed Sep  1 08:29:36 2021, 0, 2371, 800, 6, 3630, 0, 7, 750, 0, 423.226, 1
Wed Sep  1 08:30:36 2021, 0, 2384, 800, 6, 3630, 0, 7, 750, 0, 412.903, 1
Wed Sep  1 08:31:37 2021, 0, 2397, 800, 6, 3630, 0, 7, 750, 0, 412.903, 1
Wed Sep  1 08:32:37 2021, 0, 2410, 800, 6, 3630, 0, 7, 750, 0, 423.226, 1
Wed Sep  1 08:33:38 2021, 0, 2423, 800, 6, 3630, 0, 7, 600, 0, 423.226, 1
Wed Sep  1 08:34:39 2021, 0, 2436, 800, 6, 3630, 0, 7, 600, 0, 423.226, 1
Wed Sep  1 08:35:39 2021, 0, 2449, 800, 6, 3630, 0, 7, 600, 0, 412.903, 1
Wed Sep  1 08:36:40 2021, 0, 2462, 800, 6, 3630, 0, 7, 600, 0, 423.226, 1
Wed Sep  1 08:37:40 2021, 0, 2475, 800, 6, 3630, 0, 7, 600, 0, 423.226, 1
Wed Sep  1 08:38:41 2021, 0, 2488, 800, 6, 3630, 0, 7, 600, 0, 423.226, 1
Wed Sep  1 08:39:41 2021, 0, 2501, 800, 6, 3630, 0, 7, 600, 0, 423.226, 1
Wed Sep  1 08:40:42 2021, 0, 2514, 800, 6, 3630, 0, 7, 600, 0, 423.226, 1
Wed Sep  1 08:41:43 2021, 0, 2527, 800, 6, 3630, 0, 7, 675, 0, 423.226, 1
Wed Sep  1 08:42:43 2021, 0, 2540, 800, 6, 3630, 0, 7, 600, 0, 423.226, 1
Wed Sep  1 08:43:44 2021, 0, 2553, 800, 6, 3630, 0, 7, 600, 0, 423.226, 1
Wed Sep  1 08:44:45 2021, 0, 2566, 800, 6, 3630, 0, 7, 600, 0, 423.226, 1
Wed Sep  1 08:45:45 2021, 0, 2579, 800, 6, 3630, 0, 7, 600, 0, 423.226, 1
Wed Sep  1 08:46:46 2021, 0, 2592, 800, 6, 3630, 0, 7, 600, 0, 423.226, 1
Wed Sep  1 08:47:46 2021, 0, 2605, 800, 6, 3630, 0, 7, 600, 0, 423.226, 1
Wed Sep  1 08:48:47 2021, 0, 2618, 800, 6, 3630, 0, 7, 600, 0, 433.548, 1
Wed Sep  1 08:49:47 2021, 0, 2631, 800, 6, 3630, 0, 7, 525, 0, 433.548, 1
Wed Sep  1 08:50:48 2021, 0, 2644, 800, 6, 3630, 0, 7, 525, 0, 423.226, 1
Wed Sep  1 08:51:48 2021, 0, 2657, 800, 6, 3630, 0, 7, 525, 0, 423.226, 1
Wed Sep  1 08:52:49 2021, 0, 2670, 800, 6, 3630, 0, 7, 525, 0, 433.548, 1
Wed Sep  1 08:53:50 2021, 0, 2683, 800, 6, 3630, 0, 7, 450, 0, 433.548, 1
Wed Sep  1 08:54:50 2021, 0, 2696, 800, 6, 3630, 0, 7, 450, 0, 433.548, 1
Wed Sep  1 08:55:51 2021, 0, 2709, 800, 6, 3630, 0, 7, 450, 0, 433.548, 1
Wed Sep  1 08:56:51 2021, 0, 2722, 800, 6, 3630, 0, 7, 450, 0, 433.548, 1
Wed Sep  1 08:57:52 2021, 0, 2735, 800, 6, 3630, 0, 7, 375, 0, 423.226, 1
Wed Sep  1 08:58:53 2021, 0, 2748, 800, 6, 3630, 0, 7, 225, 0, 433.548, 1
Wed Sep  1 08:59:53 2021, 0, 2761, 800, 6, 3630, 0, 7, 225, 0, 443.871, 1
Wed Sep  1 09:00:54 2021, 0, 2774, 800, 6, 3630, 0, 7, 225, 0, 433.548, 1
Wed Sep  1 09:01:54 2021, 0, 2787, 800, 6, 3630, 0, 7, 225, 0, 443.871, 1
Wed Sep  1 09:02:55 2021, 0, 2800, 800, 6, 3630, 0, 7, 225, 0, 433.548, 1
Wed Sep  1 09:03:55 2021, 0, 2813, 800, 6, 3630, 0, 7, 225, 0, 433.548, 1
Wed Sep  1 09:04:56 2021, 0, 2826, 800, 6, 3630, 0, 7, 225, 0, 443.871, 1
Wed Sep  1 09:05:57 2021, 0, 2839, 800, 6, 3630, 0, 7, 225, 0, 433.548, 1
Wed Sep  1 09:06:57 2021, 0, 2852, 800, 6, 3630, 0, 7, 225, 0, 433.548, 1
Wed Sep  1 09:07:58 2021, 0, 2865, 800, 6, 3630, 0, 7, 75, 0, 443.871, 1
Wed Sep  1 09:08:58 2021, 0, 2878, 800, 6, 3630, 0, 7, 75, 0, 443.871, 1
Wed Sep  1 09:09:59 2021, 0, 2891, 800, 6, 3630, 0, 7, 75, 0, 443.871, 1
Wed Sep  1 09:10:59 2021, 0, 2904, 800, 6, 3630, 0, 7, 75, 0, 443.871, 1
Wed Sep  1 09:12:00 2021, 0, 2917, 800, 6, 3630, 0, 7, 75, 0, 443.871, 1
Wed Sep  1 09:13:01 2021, 0, 2930, 800, 6, 3630, 0, 7, 75, 0, 443.871, 1
Wed Sep  1 09:14:01 2021, 0, 2943, 800, 6, 3630, 0, 7, 75, 0, 443.871, 1
Wed Sep  1 09:15:02 2021, 0, 2956, 800, 6, 3630, 0, 7, 0, 0, 443.871, 1
Wed Sep  1 09:16:02 2021, 0, 2969, 800, 6, 3630, 0, 7, 0, 0, 443.871, 1
Wed Sep  1 09:17:03 2021, 0, 2982, 800, 6, 3630, 0, 7, 0, 0, 443.871, 1
Wed Sep  1 09:18:03 2021, 0, 2995, 800, 6, 3630, 0, 7, 0, 0, 443.871, 1
Wed Sep  1 09:19:04 2021, 0, 3008, 800, 6, 3630, 0, 7, 0, 0, 443.871, 1
Wed Sep  1 09:20:05 2021, 0, 3021, 800, 6, 3630, 0, 7, 0, 0, 443.871, 1
Wed Sep  1 09:21:05 2021, 0, 3034, 800, 6, 3630, 0, 7, 0, 0, 454.194, 1
Wed Sep  1 09:22:06 2021, 0, 3060, 800, 6, 3630, 0, 7, 0, 0, 454.194, 1
Wed Sep  1 09:23:06 2021, 0, 3073, 800, 6, 3630, 0, 7, 0, 0, 443.871, 1
Wed Sep  1 09:24:07 2021, 0, 3086, 800, 6, 3630, 0, 7, 0, 0, 443.871, 1
Wed Sep  1 09:25:08 2021, 0, 3099, 800, 6, 3630, 0, 7, 0, 0, 443.871, 1
Wed Sep  1 09:26:08 2021, 0, 3112, 800, 6, 3630, 0, 7, 0, 0, 454.194, 1
Wed Sep  1 09:27:09 2021, 0, 3125, 800, 6, 3630, 0, 7, 0, 0, 454.194, 1
Wed Sep  1 09:28:09 2021, 0, 3138, 800, 6, 3630, 0, 7, 0, 0, 443.871, 1
Wed Sep  1 09:29:10 2021, 0, 3151, 800, 6, 3630, 0, 7, 0, 0, 454.194, 1
Wed Sep  1 09:30:11 2021, 0, 3164, 800, 6, 3630, 0, 7, 0, 0, 454.194, 1
Wed Sep  1 09:31:11 2021, 0, 3177, 800, 6, 3630, 0, 7, 0, 0, 454.194, 1
Wed Sep  1 09:32:12 2021, 0, 3190, 800, 6, 3630, 0, 7, 0, 0, 454.194, 1
Wed Sep  1 09:33:12 2021, 0, 3203, 800, 6, 3630, 0, 7, 0, 0, 454.194, 1
Wed Sep  1 09:34:13 2021, 0, 3216, 800, 6, 3630, 0, 7, 0, 0, 454.194, 1
Wed Sep  1 09:35:14 2021, 0, 3229, 800, 6, 3630, 0, 7, 0, 0, 454.194, 1
Wed Sep  1 09:36:14 2021, 0, 3242, 800, 6, 3630, 0, 7, 0, 0, 454.194, 1
Wed Sep  1 09:37:15 2021, 0, 3255, 800, 6, 3630, 0, 7, 0, 0, 454.194, 1
Wed Sep  1 09:38:15 2021, 0, 3268, 800, 6, 3630, 0, 7, 0, 0, 454.194, 1
Wed Sep  1 09:39:16 2021, 0, 3281, 800, 6, 3630, 0, 7, 0, 0, 464.516, 1
Wed Sep  1 09:40:16 2021, 0, 3281, 0, 6, 3630, 0, 7, 0, 0, 41.2903, 0
Wed Sep  1 09:41:17 2021, 0, 3281, 0, 6, 3630, 0, 7, 0, 0, 30.9677, 0
Wed Sep  1 09:42:18 2021, 0, 3281, 0, 6, 3630, 0, 7, 0, 0, 30.9677, 0
Wed Sep  1 09:43:18 2021, 0, 3281, 0, 6, 3630, 0, 7, 0, 0, 41.2903, 0
Wed Sep  1 09:44:19 2021, 0, 3281, 0, 6, 3630, 0, 7, 0, 0, 0, 0
Wed Sep  1 09:45:19 2021, 0, 3281, 0, 6, 3630, 0, 7, 0, 0, 0, 0
Wed Sep  1 09:46:20 2021, 0, 3281, 0, 6, 3630, 0, 7, 0, 0, 0, 0
Wed Sep  1 09:47:21 2021, 0, 3281, 0, 6, 3630, 0, 7, 0, 0, 0, 0
Wed Sep  1 09:48:21 2021, 0, 3281, 0, 6, 3630, 0, 7, 0, 0, 0, 0
Wed Sep  1 09:49:22 2021, 0, 3281, 0, 6, 3630, 0, 7, 0, 0, 0, 0
Wed Sep  1 09:50:22 2021, 0, 3281, 0, 6, 3630, 0, 7, 0, 0, 0, 0
Wed Sep  1 09:51:23 2021, 0, 3281, 0, 6, 3630, 0, 7, 0, 0, 0, 0
Wed Sep  1 09:52:24 2021, 0, 3281, 0, 6, 3630, 0, 7, 0, 0, 0, 0
Wed Sep  1 09:53:24 2021, 0, 3281, 0, 6, 3630, 0, 7, 0, 0, 0, 0
Wed Sep  1 09:54:25 2021, 0, 3281, 0, 6, 3630, 0, 7, 0, 0, 0, 0
Wed Sep  1 09:55:25 2021, 0, 3281, 0, 6, 3630, 0, 7, 0, 0, 0, 0
Wed Sep  1 09:56:26 2021, 0, 3281, 0, 6, 3630, 0, 7, 0, 0, 0, 0
Wed Sep  1 09:57:26 2021, 0, 3281, 0, 6, 3630, 0, 7, 0, 0, 0, 0
Wed Sep  1 09:58:27 2021, 0, 3281, 0, 6, 3630, 0, 7, 0, 0, 0, 0
Wed Sep  1 09:59:28 2021, 0, 3281, 0, 6, 3630, 0, 7, 0, 0, 10.3226, 0
Wed Sep  1 10:00:28 2021, 0, 3281, 0, 6, 3630, 0, 7, 0, 0, 0, 0
Wed Sep  1 10:01:29 2021, 0, 3281, 0, 6, 3630, 0, 7, 0, 0, 0, 0
Wed Sep  1 10:02:29 2021, 0, 3281, 0, 6, 3630, 0, 7, 0, 0, 0, 0
Wed Sep  1 10:03:30 2021, 0, 3281, 0, 6, 3630, 0, 7, 0, 0, 0, 0
Wed Sep  1 10:04:30 2021, 0, 3281, 0, 6, 3630, 0, 7, 0, 0, 0, 0
Wed Sep  1 10:05:31 2021, 0, 3281, 0, 6, 3630, 0, 7, 0, 0, 0, 0
Wed Sep  1 10:06:32 2021, 0, 3281, 0, 6, 3630, 0, 7, 0, 0, 0, 0
Wed Sep  1 10:07:32 2021, 0, 3281, 0, 6, 3630, 0, 7, 0, 0, 0, 0
Wed Sep  1 10:08:33 2021, 0, 3281, 0, 6, 3630, 0, 7, 0, 0, 0, 0
Wed Sep  1 10:09:33 2021, 0, 3281, 0, 6, 3630, 0, 7, 0, 0, 0, 0
Wed Sep  1 10:10:34 2021, 0, 3281, 0, 6, 3630, 0, 7, 0, 0, 0, 0
Wed Sep  1 10:11:35 2021, 0, 3281, 0, 6, 3630, 0, 7, 0, 0, 0, 0
Wed Sep  1 10:12:35 2021, 0, 3281, 0, 6, 3630, 0, 7, 0, 0, 0, 0
Wed Sep  1 10:13:36 2021, 0, 3281, 0, 6, 3630, 0, 7, 0, 0, 0, 0
Wed Sep  1 10:14:36 2021, 0, 3281, 0, 6, 3630, 0, 7, 0, 0, 0, 0
Wed Sep  1 10:15:37 2021, 0, 3281, 0, 6, 3630, 0, 7, 0, 0, 0, 0
Wed Sep  1 10:16:38 2021, 0, 3281, 0, 6, 3630, 0, 7, 0, 0, 0, 0
Wed Sep  1 10:17:38 2021, 0, 3281, 0, 6, 3630, 0, 7, 0, 0, 0, 0
Wed Sep  1 10:18:39 2021, 0, 3281, 0, 6, 3630, 0, 7, 0, 0, 0, 0
Wed Sep  1 10:19:39 2021, 0, 3281, 0, 6, 3630, 0, 7, 0, 0, 0, 0
Wed Sep  1 10:20:40 2021, 0, 3281, 0, 6, 3630, 0, 7, 0, 0, 0, 0
Wed Sep  1 10:21:40 2021, 0, 3281, 0, 6, 3630, 0, 7, 0, 0, 0, 0
Wed Sep  1 10:22:41 2021, 0, 3281, 0, 6, 3630, 0, 7, 0, 0, 0, 0
Wed Sep  1 10:23:42 2021, 0, 3281, 0, 6, 3630, 0, 7, 0, 0, 0, 0
Wed Sep  1 10:24:42 2021, 0, 3281, 0, 6, 3630, 0, 7, 0, 0, 0, 0
Wed Sep  1 10:25:43 2021, 0, 3281, 0, 6, 3630, 0, 7, 0, 0, 0, 0
Wed Sep  1 10:26:43 2021, 0, 3281, 0, 6, 3630, 0, 7, 0, 0, 0, 0
Wed Sep  1 10:27:44 2021, 0, 3281, 0, 6, 3630, 0, 7, 0, 0, 0, 0
Wed Sep  1 10:28:45 2021, 0, 3281, 0, 6, 3630, 0, 7, 0, 0, 0, 0
Wed Sep  1 10:29:45 2021, 0, 3281, 0, 6, 3630, 0, 7, 0, 0, 0, 0
Wed Sep  1 10:30:46 2021, 0, 3281, 0, 6, 3630, 0, 7, 0, 0, 0, 0
Wed Sep  1 10:31:46 2021, 0, 3281, 0, 6, 3630, 0, 7, 0, 0, 0, 0
Wed Sep  1 10:32:47 2021, 0, 3281, 0, 6, 3630, 0, 7, 0, 0, 0, 0
Wed Sep  1 10:33:48 2021, 0, 3281, 0, 6, 3630, 0, 7, 0, 0, 0, 0
Wed Sep  1 10:34:48 2021, 0, 3281, 0, 6, 3630, 0, 7, 0, 0, 0, 0
Wed Sep  1 10:35:49 2021, 0, 3281, 0, 6, 3630, 0, 7, 0, 0, 0, 0
Wed Sep  1 10:36:49 2021, 0, 3281, 0, 6, 3630, 0, 7, 0, 0, 0, 0
Wed Sep  1 10:37:50 2021, 0, 3281, 0, 6, 3630, 0, 7, 0, 0, 0, 0
Wed Sep  1 10:38:50 2021, 0, 3281, 0, 6, 3630, 0, 7, 0, 0, 0, 0
Wed Sep  1 10:39:51 2021, 0, 3281, 0, 6, 3630, 0, 7, 0, 0, 0, 0
Wed Sep  1 10:40:52 2021, 0, 3281, 0, 6, 3630, 0, 7, 0, 0, 0, 0
Wed Sep  1 10:41:52 2021, 0, 3281, 0, 6, 3630, 0, 7, 0, 0, 0, 0
Wed Sep  1 10:42:53 2021, 0, 3281, 0, 6, 3630, 0, 7, 0, 0, 0, 0
Wed Sep  1 10:43:53 2021, 0, 3281, 0, 6, 3630, 0, 7, 0, 0, 0, 0
Wed Sep  1 10:44:54 2021, 0, 3281, 0, 6, 3630, 0, 7, 0, 0, 0, 0
Wed Sep  1 10:45:55 2021, 0, 3281, 0, 6, 3630, 0, 7, 0, 0, 0, 0
Wed Sep  1 10:46:55 2021, 0, 3281, 0, 6, 3630, 0, 7, 0, 0, 0, 0
Wed Sep  1 10:47:56 2021, 0, 3281, 0, 6, 3630, 0, 7, 0, 0, 0, 0
Wed Sep  1 10:48:56 2021, 0, 3281, 0, 6, 3630, 0, 7, 0, 0, 0, 0
Wed Sep  1 10:49:57 2021, 0, 3281, 0, 6, 3630, 0, 7, 0, 0, 0, 0
Wed Sep  1 10:50:57 2021, 0, 3281, 0, 6, 3630, 0, 7, 0, 0, 0, 0
Wed Sep  1 10:51:58 2021, 0, 3281, 0, 6, 3630, 0, 7, 0, 0, 0, 0
Wed Sep  1 10:52:59 2021, 0, 3281, 0, 6, 3630, 0, 7, 0, 0, 0, 0
Wed Sep  1 10:53:59 2021, 0, 3281, 0, 6, 3630, 0, 7, 0, 0, 0, 0
Wed Sep  1 10:55:00 2021, 0, 3281, 0, 6, 3630, 0, 7, 0, 0, 0, 0
Wed Sep  1 10:56:00 2021, 0, 3281, 0, 6, 3630, 0, 7, 0, 0, 0, 0
Wed Sep  1 10:57:01 2021, 0, 3281, 0, 6, 3630, 0, 7, 0, 0, 0, 0
Wed Sep  1 10:58:01 2021, 0, 3281, 0, 6, 3630, 0, 7, 0, 0, 0, 0
Wed Sep  1 10:59:02 2021, 0, 3281, 0, 6, 3630, 0, 7, 0, 0, 0, 0
Wed Sep  1 11:00:03 2021, 0, 3281, 0, 6, 3630, 0, 7, 0, 0, 0, 0
Wed Sep  1 11:01:03 2021, 0, 3281, 0, 6, 3630, 0, 7, 0, 0, 0, 0
Wed Sep  1 11:02:04 2021, 0, 3281, 0, 6, 3630, 0, 7, 0, 0, 0, 0
Wed Sep  1 11:03:04 2021, 0, 3281, 0, 6, 3630, 0, 7, 0, 0, 0, 0
Wed Sep  1 11:04:05 2021, 0, 3281, 0, 6, 3630, 0, 7, 0, 0, 0, 0
Wed Sep  1 11:05:06 2021, 0, 3281, 0, 6, 3630, 0, 7, 0, 0, 0, 0
Wed Sep  1 11:06:06 2021, 0, 3281, 0, 6, 3630, 0, 7, 0, 0, 0, 0
Wed Sep  1 11:07:07 2021, 0, 3281, 0, 6, 3630, 0, 7, 0, 0, 0, 0
Wed Sep  1 11:08:07 2021, 0, 3281, 0, 6, 3630, 0, 7, 0, 0, 0, 0
Wed Sep  1 11:09:08 2021, 0, 3281, 0, 6, 3630, 0, 7, 0, 0, 0, 0
Wed Sep  1 11:10:09 2021, 0, 3281, 0, 6, 3630, 0, 7, 0, 0, 0, 0
Wed Sep  1 11:11:09 2021, 0, 3281, 0, 6, 3630, 0, 7, 0, 0, 0, 0
Wed Sep  1 11:12:10 2021, 0, 3281, 0, 6, 3630, 0, 7, 0, 0, 0, 0
Wed Sep  1 11:13:10 2021, 0, 3281, 0, 6, 3630, 0, 7, 0, 0, 0, 0
Wed Sep  1 11:14:11 2021, 0, 3281, 0, 6, 3630, 0, 7, 0, 0, 0, 0
Wed Sep  1 11:15:11 2021, 0, 3281, 0, 6, 3630, 0, 7, 0, 0, 0, 0
Wed Sep  1 11:16:12 2021, 0, 3281, 0, 6, 3630, 0, 7, 0, 0, 0, 0
Wed Sep  1 11:17:12 2021, 0, 3281, 0, 6, 3630, 0, 7, 0, 0, 0, 0
Wed Sep  1 11:18:13 2021, 0, 3281, 0, 6, 3630, 0, 7, 0, 0, 0, 0
Wed Sep  1 11:19:14 2021, 0, 3281, 0, 6, 3630, 0, 7, 0, 0, 0, 0
Wed Sep  1 11:20:14 2021, 0, 3281, 0, 6, 3630, 0, 7, 0, 0, 0, 0
Wed Sep  1 11:21:15 2021, 0, 3281, 0, 6, 3630, 0, 7, 0, 0, 0, 0
Wed Sep  1 11:22:15 2021, 0, 3281, 0, 6, 3630, 0, 7, 0, 0, 0, 0
Wed Sep  1 11:23:16 2021, 0, 3281, 0, 6, 3630, 0, 7, 0, 0, 0, 0
Wed Sep  1 11:24:16 2021, 0, 3281, 0, 6, 3630, 0, 7, 0, 0, 0, 0
Wed Sep  1 11:25:17 2021, 0, 3281, 0, 6, 3630, 0, 7, 0, 0, 0, 0
Wed Sep  1 11:26:17 2021, 0, 3281, 0, 6, 3630, 0, 7, 0, 0, 0, 0
Wed Sep  1 11:27:18 2021, 0, 3281, 0, 6, 3630, 0, 7, 0, 0, 0, 0
Wed Sep  1 11:28:19 2021, 0, 3281, 0, 6, 3630, 0, 7, 0, 0, 0, 0
Wed Sep  1 11:29:19 2021, 0, 3281, 0, 6, 3630, 0, 7, 0, 0, 0, 0
Wed Sep  1 11:30:20 2021, 0, 3281, 0, 6, 3630, 0, 7, 0, 0, 0, 0
Wed Sep  1 11:31:20 2021, 0, 3281, 0, 6, 3630, 0, 7, 0, 0, 0, 0
Wed Sep  1 11:32:21 2021, 0, 3281, 0, 6, 3630, 0, 7, 0, 0, 0, 0
Wed Sep  1 11:33:21 2021, 0, 3281, 0, 6, 3630, 0, 7, 0, 0, 0, 0
Wed Sep  1 11:34:22 2021, 0, 3281, 0, 6, 3630, 0, 7, 0, 0, 0, 0
Wed Sep  1 11:35:23 2021, 0, 3281, 0, 6, 3630, 0, 7, 0, 0, 0, 0
Wed Sep  1 11:36:23 2021, 0, 3281, 0, 6, 3630, 0, 7, 0, 0, 10.3226, 0
Wed Sep  1 11:37:24 2021, 0, 3281, 0, 6, 3630, 0, 7, 0, 0, 0, 0
Wed Sep  1 11:38:24 2021, 0, 3281, 0, 6, 3630, 0, 7, 0, 0, 0, 0
Wed Sep  1 11:39:25 2021, 0, 3281, 0, 6, 3630, 0, 7, 0, 0, 0, 0
Wed Sep  1 11:40:25 2021, 0, 3281, 0, 6, 3630, 0, 7, 0, 0, 0, 0
Wed Sep  1 11:41:26 2021, 0, 3281, 0, 6, 3630, 0, 7, 0, 0, 0, 0
Wed Sep  1 11:42:27 2021, 0, 3281, 0, 6, 3630, 0, 7, 0, 0, 0, 0
Wed Sep  1 11:43:27 2021, 0, 3281, 0, 6, 3630, 0, 7, 0, 0, 0, 0
Wed Sep  1 11:44:28 2021, 0, 3281, 0, 6, 3630, 0, 7, 0, 0, 0, 0
Wed Sep  1 11:45:28 2021, 0, 3281, 0, 6, 3630, 0, 7, 0, 0, 0, 0
Wed Sep  1 11:46:29 2021, 0, 3281, 0, 6, 3630, 0, 7, 0, 0, 0, 0
Wed Sep  1 11:47:30 2021, 0, 3281, 0, 6, 3630, 0, 7, 0, 0, 0, 0
Wed Sep  1 11:48:30 2021, 0, 3281, 0, 6, 3630, 0, 7, 0, 0, 0, 0
Wed Sep  1 11:49:31 2021, 0, 3281, 0, 6, 3630, 0, 7, 0, 0, 0, 0
Wed Sep  1 11:50:31 2021, 0, 3281, 0, 6, 3630, 0, 7, 0, 0, 0, 0
Wed Sep  1 11:51:32 2021, 0, 3281, 0, 6, 3630, 0, 7, 0, 0, 0, 0
Wed Sep  1 11:52:32 2021, 0, 3281, 0, 6, 3630, 0, 7, 0, 0, 0, 0
Wed Sep  1 11:53:33 2021, 0, 3281, 0, 6, 3630, 0, 7, 0, 0, 0, 0
Wed Sep  1 11:54:33 2021, 0, 3281, 0, 6, 3630, 0, 7, 0, 0, 0, 0
Wed Sep  1 11:55:34 2021, 0, 3281, 0, 6, 3630, 0, 7, 0, 0, 0, 0
Wed Sep  1 11:56:35 2021, 0, 3281, 0, 6, 3630, 0, 7, 0, 0, 0, 0
Wed Sep  1 11:57:35 2021, 0, 3281, 0, 6, 3630, 0, 7, 0, 0, 0, 0
Wed Sep  1 11:58:36 2021, 0, 3281, 0, 6, 3630, 0, 7, 0, 0, 0, 0
Wed Sep  1 11:59:36 2021, 0, 3281, 0, 6, 3630, 0, 7, 0, 0, 0, 0
Wed Sep  1 12:00:37 2021, 0, 3281, 0, 6, 3630, 0, 7, 0, 0, 0, 0
Wed Sep  1 12:01:37 2021, 0, 3281, 0, 6, 3630, 0, 7, 0, 0, 0, 0
Wed Sep  1 12:02:38 2021, 0, 3281, 0, 6, 3630, 0, 7, 0, 0, 0, 0
Wed Sep  1 12:03:39 2021, 0, 3281, 0, 6, 3630, 0, 7, 0, 0, 0, 0
Wed Sep  1 12:04:39 2021, 0, 3281, 0, 6, 3630, 0, 7, 0, 0, 0, 0
Wed Sep  1 12:05:40 2021, 0, 3281, 0, 6, 3630, 0, 7, 0, 0, 0, 0
Wed Sep  1 12:06:40 2021, 0, 3281, 0, 6, 3630, 0, 7, 0, 0, 10.3226, 0
Wed Sep  1 12:07:41 2021, 0, 3281, 0, 6, 3630, 0, 7, 0, 0, 0, 0
Wed Sep  1 12:08:42 2021, 0, 3281, 0, 6, 3630, 0, 7, 0, 0, 0, 0
Wed Sep  1 12:09:42 2021, 0, 3281, 0, 6, 3630, 0, 7, 0, 0, 0, 0
Wed Sep  1 12:10:43 2021, 0, 3281, 0, 6, 3630, 0, 7, 0, 0, 0, 0
Wed Sep  1 12:11:43 2021, 0, 3281, 0, 6, 3630, 0, 7, 0, 0, 0, 0
Wed Sep  1 12:12:44 2021, 0, 3281, 0, 6, 3630, 0, 7, 0, 0, 0, 0
Wed Sep  1 12:13:45 2021, 0, 3281, 0, 6, 3630, 0, 7, 0, 0, 0, 0
Wed Sep  1 12:14:45 2021, 0, 3281, 0, 6, 3630, 0, 7, 0, 0, 0, 0
Wed Sep  1 12:15:46 2021, 0, 3281, 0, 6, 3630, 0, 7, 0, 0, 0, 0
Wed Sep  1 12:16:46 2021, 0, 3281, 0, 6, 3630, 0, 7, 0, 0, 0, 0
Wed Sep  1 12:17:47 2021, 0, 3281, 0, 6, 3630, 0, 7, 0, 0, 0, 0
Wed Sep  1 12:18:47 2021, 0, 3281, 0, 6, 3630, 0, 7, 0, 0, 0, 0
Wed Sep  1 12:19:48 2021, 0, 3281, 0, 6, 3630, 0, 7, 0, 0, 0, 0
Wed Sep  1 12:20:49 2021, 0, 3281, 0, 6, 3630, 0, 7, 0, 0, 0, 0
Wed Sep  1 12:21:49 2021, 0, 3281, 0, 6, 3630, 0, 7, 0, 0, 0, 0
Wed Sep  1 12:22:50 2021, 0, 3281, 0, 6, 3630, 0, 7, 0, 0, 0, 0
Wed Sep  1 12:23:50 2021, 0, 3281, 0, 6, 3630, 0, 7, 0, 0, 0, 0
Wed Sep  1 12:24:51 2021, 0, 3281, 0, 6, 3630, 0, 7, 0, 0, 0, 0
Wed Sep  1 12:25:52 2021, 0, 3281, 0, 6, 3630, 0, 7, 0, 0, 0, 0
Wed Sep  1 12:26:52 2021, 0, 3281, 0, 6, 3630, 0, 7, 0, 0, 0, 0
Wed Sep  1 12:27:53 2021, 0, 3281, 0, 6, 3630, 0, 7, 0, 0, 0, 0
Wed Sep  1 12:28:53 2021, 0, 3281, 0, 6, 3630, 0, 7, 0, 0, 0, 0
Wed Sep  1 12:29:54 2021, 0, 3281, 0, 6, 3630, 0, 7, 0, 0, 0, 0
Wed Sep  1 12:30:54 2021, 0, 3281, 0, 6, 3630, 0, 7, 0, 0, 0, 0
Wed Sep  1 12:31:55 2021, 0, 3281, 0, 6, 3630, 0, 7, 0, 0, 0, 0
Wed Sep  1 12:32:56 2021, 0, 3281, 0, 6, 3630, 0, 7, 0, 0, 0, 0
Wed Sep  1 12:33:56 2021, 0, 3281, 0, 6, 3630, 0, 7, 0, 0, 0, 0
Wed Sep  1 12:34:57 2021, 0, 3281, 0, 6, 3630, 0, 7, 0, 0, 0, 0
Wed Sep  1 12:35:57 2021, 0, 3281, 0, 6, 3630, 0, 7, 0, 0, 0, 0
Wed Sep  1 12:36:58 2021, 0, 3281, 0, 6, 3630, 0, 7, 0, 0, 0, 0
Wed Sep  1 12:37:59 2021, 0, 3281, 0, 6, 3630, 0, 7, 0, 0, 10.3226, 0
Wed Sep  1 12:38:59 2021, 0, 3281, 0, 6, 3630, 0, 7, 0, 0, 0, 0
Wed Sep  1 12:40:00 2021, 0, 3281, 0, 6, 3630, 0, 7, 0, 0, 0, 0
Wed Sep  1 12:41:00 2021, 0, 3281, 0, 6, 3630, 0, 7, 0, 0, 0, 0
Wed Sep  1 12:42:01 2021, 0, 3281, 0, 6, 3630, 0, 7, 0, 0, 0, 0
Wed Sep  1 12:43:01 2021, 0, 3281, 0, 6, 3630, 0, 7, 0, 0, 0, 0
Wed Sep  1 12:44:02 2021, 0, 3281, 0, 6, 3630, 0, 7, 0, 0, 0, 0
Wed Sep  1 12:45:03 2021, 0, 3281, 0, 6, 3630, 0, 7, 0, 0, 0, 0
Wed Sep  1 12:46:03 2021, 0, 3281, 0, 6, 3630, 0, 7, 0, 0, 0, 0
Wed Sep  1 12:47:04 2021, 0, 3281, 0, 6, 3630, 0, 7, 0, 0, 0, 0
Wed Sep  1 12:48:04 2021, 0, 3281, 0, 6, 3630, 0, 7, 0, 0, 0, 0
Wed Sep  1 12:49:05 2021, 0, 3281, 0, 6, 3630, 0, 7, 0, 0, 0, 0
Wed Sep  1 12:50:06 2021, 0, 3281, 0, 6, 3630, 0, 7, 0, 0, 0, 0
Wed Sep  1 12:51:06 2021, 0, 3281, 0, 6, 3630, 0, 7, 0, 0, 0, 0
Wed Sep  1 12:52:07 2021, 0, 3281, 0, 6, 3630, 0, 7, 0, 0, 0, 0
Wed Sep  1 12:53:07 2021, 0, 3281, 0, 6, 3630, 0, 7, 0, 0, 0, 0
Wed Sep  1 12:54:08 2021, 0, 3281, 0, 6, 3630, 0, 7, 0, 0, 0, 0
Wed Sep  1 12:55:08 2021, 0, 3281, 0, 6, 3630, 0, 7, 0, 0, 0, 0
Wed Sep  1 12:56:09 2021, 0, 3281, 0, 6, 3630, 0, 7, 0, 0, 0, 0
Wed Sep  1 12:57:10 2021, 0, 3281, 0, 6, 3630, 0, 7, 0, 0, 0, 0
Wed Sep  1 12:58:10 2021, 0, 3281, 0, 6, 3630, 0, 7, 0, 0, 0, 0
Wed Sep  1 12:59:11 2021, 0, 3281, 0, 6, 3630, 0, 7, 0, 0, 0, 0
Wed Sep  1 13:00:11 2021, 0, 3281, 0, 6, 3630, 0, 7, 0, 0, 0, 0
Wed Sep  1 13:01:12 2021, 0, 3281, 0, 6, 3630, 0, 7, 0, 0, 0, 0
Wed Sep  1 13:02:12 2021, 0, 3281, 0, 6, 3630, 0, 7, 0, 0, 0, 0
Wed Sep  1 13:03:13 2021, 0, 3281, 0, 6, 3630, 0, 7, 0, 0, 0, 0
Wed Sep  1 13:04:14 2021, 0, 3281, 0, 6, 3630, 0, 7, 0, 0, 0, 0
Wed Sep  1 13:05:14 2021, 0, 3281, 0, 6, 3630, 0, 7, 0, 0, 0, 0
Wed Sep  1 13:06:15 2021, 0, 3281, 0, 6, 3630, 0, 7, 0, 0, 0, 0
Wed Sep  1 13:07:15 2021, 0, 3281, 0, 6, 3630, 0, 7, 0, 0, 0, 0
Wed Sep  1 13:08:16 2021, 0, 3281, 0, 6, 3630, 0, 7, 0, 0, 0, 0
Wed Sep  1 13:09:17 2021, 0, 3281, 0, 6, 3630, 0, 7, 0, 0, 0, 0
Wed Sep  1 13:10:17 2021, 0, 3281, 0, 6, 3630, 0, 7, 0, 0, 0, 0
Wed Sep  1 13:11:18 2021, 0, 3281, 0, 6, 3630, 0, 7, 0, 0, 0, 0
Wed Sep  1 13:12:18 2021, 0, 3281, 0, 6, 3630, 0, 7, 0, 0, 0, 0
Wed Sep  1 13:13:19 2021, 0, 3281, 0, 6, 3630, 0, 7, 0, 0, 0, 0
Wed Sep  1 13:14:19 2021, 0, 3281, 0, 6, 3630, 0, 7, 0, 0, 0, 0
Wed Sep  1 13:15:20 2021, 0, 3281, 0, 6, 3630, 0, 7, 0, 0, 0, 0
Wed Sep  1 13:16:21 2021, 0, 3281, 0, 6, 3630, 0, 7, 0, 0, 0, 0
Wed Sep  1 13:17:21 2021, 0, 3281, 0, 6, 3630, 0, 7, 0, 0, 0, 0
Wed Sep  1 13:18:22 2021, 0, 3281, 0, 6, 3630, 0, 7, 0, 0, 0, 0
Wed Sep  1 13:19:22 2021, 0, 3281, 0, 6, 3630, 0, 7, 0, 0, 0, 0
Wed Sep  1 13:20:23 2021, 0, 3281, 0, 6, 3630, 0, 7, 0, 0, 0, 0
Wed Sep  1 13:21:24 2021, 0, 3281, 0, 6, 3630, 0, 7, 0, 0, 0, 0
Wed Sep  1 13:22:24 2021, 0, 3281, 0, 6, 3630, 0, 7, 0, 0, 0, 0
Wed Sep  1 13:23:25 2021, 0, 3281, 0, 6, 3630, 0, 7, 0, 0, 0, 0
Wed Sep  1 13:24:25 2021, 0, 3281, 0, 6, 3630, 0, 7, 0, 0, 0, 0
Wed Sep  1 13:25:26 2021, 0, 3281, 0, 6, 3630, 0, 7, 0, 0, 0, 0
Wed Sep  1 13:26:26 2021, 0, 3281, 0, 6, 3630, 0, 7, 0, 0, 0, 0
Wed Sep  1 13:27:27 2021, 0, 3281, 0, 6, 3630, 0, 7, 0, 0, 0, 0
Wed Sep  1 13:28:28 2021, 0, 3281, 0, 6, 3630, 0, 7, 0, 0, 0, 0
Wed Sep  1 13:29:28 2021, 0, 3281, 0, 6, 3630, 0, 7, 0, 0, 0, 0
Wed Sep  1 13:30:29 2021, 0, 3281, 0, 6, 3630, 0, 7, 0, 0, 0, 0
Wed Sep  1 13:31:29 2021, 0, 3281, 0, 6, 3630, 0, 7, 0, 0, 0, 0
Wed Sep  1 13:32:30 2021, 0, 3281, 0, 6, 3630, 0, 7, 0, 0, 0, 0
Wed Sep  1 13:33:31 2021, 0, 3281, 0, 6, 3630, 0, 7, 0, 0, 0, 0
Wed Sep  1 13:34:31 2021, 0, 3281, 0, 6, 3630, 0, 7, 0, 0, 0, 0
Wed Sep  1 13:35:32 2021, 0, 3281, 0, 6, 3630, 0, 7, 0, 0, 0, 0
Wed Sep  1 13:36:32 2021, 0, 3281, 0, 6, 3630, 0, 7, 0, 0, 0, 0
Wed Sep  1 13:37:33 2021, 0, 3281, 0, 6, 3630, 0, 7, 0, 0, 0, 0
Wed Sep  1 13:38:33 2021, 0, 3281, 0, 6, 3630, 0, 7, 0, 0, 0, 0
Wed Sep  1 13:39:34 2021, 0, 3281, 0, 6, 3630, 0, 7, 0, 0, 0, 0
Wed Sep  1 13:40:35 2021, 0, 3281, 0, 6, 3630, 0, 7, 0, 0, 0, 0
Wed Sep  1 13:41:35 2021, 0, 3281, 0, 6, 3630, 0, 7, 0, 0, 0, 0
Wed Sep  1 13:42:36 2021, 0, 3281, 0, 6, 3630, 0, 7, 0, 0, 0, 0
Wed Sep  1 13:43:36 2021, 0, 3281, 0, 6, 3630, 0, 7, 0, 0, 0, 0
Wed Sep  1 13:44:37 2021, 0, 3281, 0, 6, 3630, 0, 7, 0, 0, 0, 0
Wed Sep  1 13:45:38 2021, 0, 3281, 0, 6, 3630, 0, 7, 0, 0, 0, 0
Wed Sep  1 13:46:38 2021, 0, 3281, 0, 6, 3630, 0, 7, 0, 0, 0, 0
Wed Sep  1 13:47:39 2021, 0, 3281, 0, 6, 3630, 0, 7, 0, 0, 0, 0
Wed Sep  1 13:48:39 2021, 0, 3281, 0, 6, 3630, 0, 7, 0, 0, 0, 0
Wed Sep  1 13:49:40 2021, 0, 3281, 0, 6, 3630, 0, 7, 0, 0, 0, 0
Wed Sep  1 13:50:41 2021, 0, 3281, 0, 6, 3630, 0, 7, 0, 0, 0, 0
Wed Sep  1 13:51:41 2021, 0, 3281, 0, 6, 3630, 0, 7, 0, 0, 0, 0
Wed Sep  1 13:52:42 2021, 0, 3281, 0, 6, 3630, 0, 7, 0, 0, 0, 0
Wed Sep  1 13:53:42 2021, 0, 3281, 0, 6, 3630, 0, 7, 0, 0, 0, 0
Wed Sep  1 13:54:43 2021, 0, 3281, 0, 6, 3630, 0, 7, 0, 0, 0, 0
Wed Sep  1 13:55:44 2021, 0, 3281, 0, 6, 3630, 0, 7, 0, 0, 0, 0
Wed Sep  1 13:56:44 2021, 0, 3281, 0, 6, 3630, 0, 7, 0, 0, 0, 0
Wed Sep  1 13:57:45 2021, 0, 3281, 0, 6, 3630, 0, 7, 0, 0, 0, 0
Wed Sep  1 13:58:45 2021, 0, 3281, 0, 6, 3630, 0, 7, 0, 0, 0, 0
Wed Sep  1 13:59:46 2021, 0, 3281, 0, 6, 3630, 0, 7, 0, 0, 0, 0
Wed Sep  1 14:00:46 2021, 0, 3281, 0, 6, 3630, 0, 7, 0, 0, 0, 0
Wed Sep  1 14:01:47 2021, 0, 3281, 0, 6, 3630, 0, 7, 0, 0, 0, 0
Wed Sep  1 14:02:48 2021, 0, 3281, 0, 6, 3630, 0, 7, 0, 0, 0, 0
Wed Sep  1 14:03:48 2021, 0, 3281, 0, 6, 3630, 0, 7, 0, 0, 0, 0
Wed Sep  1 14:04:49 2021, 0, 3281, 0, 6, 3630, 0, 7, 0, 0, 0, 0
Wed Sep  1 14:05:49 2021, 0, 3281, 0, 6, 3630, 0, 7, 0, 0, 0, 0
Wed Sep  1 14:06:50 2021, 0, 3281, 0, 6, 3630, 0, 7, 0, 0, 0, 0
Wed Sep  1 14:07:51 2021, 0, 3281, 0, 6, 3630, 0, 7, 0, 0, 0, 0
Wed Sep  1 14:08:51 2021, 0, 3281, 0, 6, 3630, 0, 7, 0, 0, 0, 0
Wed Sep  1 14:09:52 2021, 0, 3281, 0, 6, 3630, 0, 7, 0, 0, 0, 0
Wed Sep  1 14:10:52 2021, 0, 3281, 0, 6, 3630, 0, 7, 0, 0, 0, 0
Wed Sep  1 14:11:53 2021, 0, 3281, 0, 6, 3630, 0, 7, 0, 0, 0, 0
Wed Sep  1 14:12:54 2021, 0, 3281, 0, 6, 3630, 0, 7, 0, 0, 0, 0
Wed Sep  1 14:13:54 2021, 0, 3281, 0, 6, 3630, 0, 7, 0, 0, 0, 0
Wed Sep  1 14:14:55 2021, 0, 3281, 0, 6, 3630, 0, 7, 0, 0, 0, 0
Wed Sep  1 14:15:55 2021, 0, 3281, 0, 6, 3630, 0, 7, 0, 0, 0, 0
Wed Sep  1 14:16:56 2021, 0, 3281, 0, 6, 3630, 0, 7, 0, 0, 0, 0
Wed Sep  1 14:17:56 2021, 0, 3281, 0, 6, 3630, 0, 7, 0, 0, 0, 0
Wed Sep  1 14:18:57 2021, 0, 3281, 0, 6, 3630, 0, 7, 0, 0, 0, 0
Wed Sep  1 14:19:58 2021, 0, 3281, 0, 6, 3630, 0, 7, 0, 0, 0, 0
Wed Sep  1 14:20:58 2021, 0, 3281, 0, 6, 3630, 0, 7, 0, 0, 0, 0
Wed Sep  1 14:21:59 2021, 0, 3281, 0, 6, 3630, 0, 7, 0, 0, 0, 0
Wed Sep  1 14:22:59 2021, 0, 3281, 0, 6, 3630, 0, 7, 0, 0, 0, 0
Wed Sep  1 14:24:00 2021, 0, 3281, 0, 6, 3630, 0, 7, 0, 0, 0, 0
Wed Sep  1 14:25:01 2021, 0, 3281, 0, 6, 3630, 0, 7, 0, 0, 0, 0
Wed Sep  1 14:26:01 2021, 0, 3281, 0, 6, 3630, 0, 7, 0, 0, 0, 0
Wed Sep  1 14:27:02 2021, 0, 3281, 0, 6, 3630, 0, 7, 0, 0, 0, 0
Wed Sep  1 14:28:02 2021, 0, 3281, 0, 6, 3630, 0, 7, 0, 0, 0, 0
Wed Sep  1 14:29:03 2021, 0, 3281, 0, 6, 3630, 0, 7, 0, 0, 0, 0
Wed Sep  1 14:30:03 2021, 0, 3281, 0, 6, 3630, 0, 7, 0, 0, 0, 0
Wed Sep  1 14:31:04 2021, 0, 3281, 0, 6, 3630, 0, 7, 0, 0, 0, 0
Wed Sep  1 14:32:04 2021, 0, 3281, 0, 6, 3630, 0, 7, 0, 0, 0, 0
Wed Sep  1 14:33:05 2021, 0, 3281, 0, 6, 3630, 0, 7, 0, 0, 0, 0
Wed Sep  1 14:34:06 2021, 0, 3281, 0, 6, 3630, 0, 7, 0, 0, 0, 0
Wed Sep  1 14:35:06 2021, 0, 3281, 0, 6, 3630, 0, 7, 0, 0, 0, 0
Wed Sep  1 14:36:07 2021, 0, 3281, 0, 6, 3630, 0, 7, 0, 0, 0, 0
Wed Sep  1 14:37:07 2021, 0, 3281, 0, 6, 3630, 0, 7, 0, 0, 0, 0
Wed Sep  1 14:38:08 2021, 0, 3281, 0, 6, 3630, 0, 7, 0, 0, 0, 0
Wed Sep  1 14:39:08 2021, 0, 3281, 0, 6, 3630, 0, 7, 0, 0, 0, 0
Wed Sep  1 14:40:09 2021, 0, 3281, 0, 6, 3630, 0, 7, 0, 0, 0, 0
Wed Sep  1 14:41:10 2021, 0, 3281, 0, 6, 3630, 0, 7, 0, 0, 0, 0
Wed Sep  1 14:42:10 2021, 0, 3281, 0, 6, 3630, 0, 7, 0, 0, 0, 0
Wed Sep  1 14:43:11 2021, 0, 3281, 0, 6, 3630, 0, 7, 0, 0, 0, 0
Wed Sep  1 14:44:11 2021, 0, 3281, 0, 6, 3630, 0, 7, 0, 0, 0, 0
Wed Sep  1 14:45:12 2021, 0, 3281, 0, 6, 3630, 0, 7, 0, 0, 0, 0
Wed Sep  1 14:46:13 2021, 0, 3281, 0, 6, 3630, 0, 7, 0, 0, 0, 0
Wed Sep  1 14:47:13 2021, 0, 3281, 0, 6, 3630, 0, 7, 0, 0, 0, 0
Wed Sep  1 14:48:14 2021, 0, 3281, 0, 6, 3630, 0, 7, 0, 0, 0, 0
Wed Sep  1 14:49:14 2021, 0, 3281, 0, 6, 3630, 0, 7, 0, 0, 0, 0
Wed Sep  1 14:50:15 2021, 0, 3281, 0, 6, 3630, 0, 7, 0, 0, 0, 0
Wed Sep  1 14:51:16 2021, 0, 3281, 0, 6, 3630, 0, 7, 0, 0, 0, 0
Wed Sep  1 14:52:16 2021, 0, 3281, 0, 6, 3630, 0, 7, 0, 0, 0, 0
Wed Sep  1 14:53:17 2021, 0, 3281, 0, 6, 3630, 0, 7, 0, 0, 0, 0
Wed Sep  1 14:54:17 2021, 0, 3281, 0, 6, 3630, 0, 7, 0, 0, 0, 0
Wed Sep  1 14:55:18 2021, 0, 3281, 0, 6, 3630, 0, 7, 0, 0, 0, 0
Wed Sep  1 14:56:19 2021, 0, 3281, 0, 6, 3630, 0, 7, 0, 0, 0, 0
Wed Sep  1 14:57:19 2021, 0, 3281, 0, 6, 3630, 0, 7, 0, 0, 0, 0
Wed Sep  1 14:58:20 2021, 0, 3281, 0, 6, 3630, 0, 7, 0, 0, 0, 0
Wed Sep  1 14:59:20 2021, 0, 3281, 0, 6, 3630, 0, 7, 0, 0, 0, 0
Wed Sep  1 15:00:21 2021, 0, 3281, 0, 6, 3630, 0, 7, 0, 0, 0, 0
Wed Sep  1 15:01:21 2021, 0, 3281, 0, 6, 3630, 0, 7, 0, 0, 0, 0
Wed Sep  1 15:02:22 2021, 0, 3281, 0, 6, 3630, 0, 7, 0, 0, 0, 0
Wed Sep  1 15:03:23 2021, 0, 3281, 0, 6, 3630, 0, 7, 0, 0, 0, 0
Wed Sep  1 15:04:23 2021, 0, 3281, 0, 6, 3630, 0, 7, 0, 0, 0, 0
Wed Sep  1 15:05:24 2021, 0, 3281, 0, 6, 3630, 0, 7, 0, 0, 0, 0
Wed Sep  1 15:06:24 2021, 0, 3281, 0, 6, 3630, 0, 7, 0, 0, 0, 0
Wed Sep  1 15:07:25 2021, 0, 3281, 0, 6, 3630, 0, 7, 0, 0, 0, 0
Wed Sep  1 15:08:25 2021, 0, 3281, 0, 6, 3630, 0, 7, 0, 0, 0, 0
Wed Sep  1 15:09:26 2021, 0, 3281, 0, 6, 3630, 0, 7, 0, 0, 0, 0
Wed Sep  1 15:10:27 2021, 0, 3281, 0, 6, 3630, 0, 7, 0, 0, 0, 0
Wed Sep  1 15:11:27 2021, 0, 3281, 0, 6, 3630, 0, 7, 0, 0, 0, 0
Wed Sep  1 15:12:28 2021, 0, 3281, 0, 6, 3630, 0, 7, 0, 0, 0, 0
Wed Sep  1 15:13:28 2021, 0, 3281, 0, 6, 3630, 0, 7, 0, 0, 0, 0
Wed Sep  1 15:14:29 2021, 0, 3281, 0, 6, 3630, 0, 7, 0, 0, 0, 0
Wed Sep  1 15:15:30 2021, 0, 3281, 0, 6, 3630, 0, 7, 0, 0, 0, 0
Wed Sep  1 15:16:30 2021, 0, 3281, 0, 6, 3630, 0, 7, 0, 0, 0, 0
Wed Sep  1 15:17:31 2021, 0, 3281, 0, 6, 3630, 0, 7, 0, 0, 0, 0
Wed Sep  1 15:18:31 2021, 0, 3281, 0, 6, 3630, 0, 7, 0, 0, 0, 0
Wed Sep  1 15:19:32 2021, 0, 3281, 0, 6, 3630, 0, 7, 0, 0, 0, 0
Wed Sep  1 15:20:33 2021, 0, 3281, 0, 6, 3630, 0, 7, 0, 0, 0, 0
Wed Sep  1 15:21:33 2021, 0, 3281, 0, 6, 3630, 0, 7, 0, 0, 0, 0
Wed Sep  1 15:22:34 2021, 0, 3281, 0, 6, 3630, 0, 7, 0, 0, 0, 0
Wed Sep  1 15:23:34 2021, 0, 3281, 0, 6, 3630, 0, 7, 0, 0, 0, 0
Wed Sep  1 15:24:35 2021, 0, 3281, 0, 6, 3630, 0, 7, 0, 0, 0, 0
Wed Sep  1 15:25:36 2021, 0, 3281, 0, 6, 3630, 0, 7, 0, 0, 0, 0
Wed Sep  1 15:26:36 2021, 0, 3281, 0, 6, 3630, 0, 7, 0, 0, 0, 0
Wed Sep  1 15:27:37 2021, 0, 3281, 0, 6, 3630, 0, 7, 0, 0, 0, 0
Wed Sep  1 15:28:37 2021, 0, 3281, 0, 6, 3630, 0, 7, 0, 0, 0, 0
Wed Sep  1 15:29:38 2021, 0, 3281, 0, 6, 3630, 0, 7, 0, 0, 0, 0
Wed Sep  1 15:30:39 2021, 0, 3281, 0, 6, 3630, 0, 7, 0, 0, 0, 0
Wed Sep  1 15:31:39 2021, 0, 3281, 0, 6, 3630, 0, 7, 0, 0, 10.3226, 0
Wed Sep  1 15:32:40 2021, 0, 3281, 0, 6, 3630, 0, 7, 0, 0, 0, 0
Wed Sep  1 15:33:40 2021, 0, 3281, 0, 6, 3630, 0, 7, 0, 0, 0, 0
Wed Sep  1 15:34:41 2021, 0, 3281, 0, 6, 3630, 0, 7, 0, 0, 0, 0
Wed Sep  1 15:35:41 2021, 0, 3281, 0, 6, 3630, 0, 7, 0, 0, 0, 0
Wed Sep  1 15:36:42 2021, 0, 3281, 0, 6, 3630, 0, 7, 0, 0, 0, 0
Wed Sep  1 15:37:43 2021, 0, 3281, 0, 6, 3630, 0, 7, 0, 0, 0, 0
Wed Sep  1 15:38:43 2021, 0, 3281, 0, 6, 3630, 0, 7, 0, 0, 0, 0
Wed Sep  1 15:39:44 2021, 0, 3281, 0, 6, 3630, 0, 7, 0, 0, 0, 0
Wed Sep  1 15:40:44 2021, 0, 3281, 0, 6, 3630, 0, 7, 0, 0, 0, 0
Wed Sep  1 15:41:45 2021, 0, 3281, 0, 6, 3630, 0, 7, 0, 0, 0, 0
Wed Sep  1 15:42:45 2021, 0, 3281, 0, 6, 3630, 0, 7, 0, 0, 0, 0
Wed Sep  1 15:43:46 2021, 0, 3281, 0, 6, 3630, 0, 7, 0, 0, 0, 0
Wed Sep  1 15:44:47 2021, 0, 3281, 0, 6, 3630, 0, 7, 0, 0, 0, 0
Wed Sep  1 15:45:47 2021, 0, 3281, 0, 6, 3630, 0, 7, 0, 0, 0, 0
Wed Sep  1 15:46:48 2021, 0, 3281, 0, 6, 3630, 0, 7, 0, 0, 0, 0
Wed Sep  1 15:47:48 2021, 0, 3281, 0, 6, 3630, 0, 7, 0, 0, 0, 0
Wed Sep  1 15:48:49 2021, 0, 3281, 0, 6, 3630, 0, 7, 0, 0, 0, 0
Wed Sep  1 15:49:50 2021, 0, 3281, 0, 6, 3630, 0, 7, 0, 0, 0, 0
Wed Sep  1 15:50:50 2021, 0, 3281, 0, 6, 3630, 0, 7, 0, 0, 0, 0
Wed Sep  1 15:51:51 2021, 0, 3281, 0, 6, 3630, 0, 7, 0, 0, 0, 0
Wed Sep  1 15:52:51 2021, 0, 3281, 0, 6, 3630, 0, 7, 0, 0, 0, 0
Wed Sep  1 15:53:52 2021, 0, 3281, 0, 6, 3630, 0, 7, 0, 0, 0, 0
Wed Sep  1 15:54:53 2021, 0, 3281, 0, 6, 3630, 0, 7, 0, 0, 0, 0
Wed Sep  1 15:55:53 2021, 0, 3281, 0, 6, 3630, 0, 7, 0, 0, 0, 0
Wed Sep  1 15:56:54 2021, 0, 3281, 0, 6, 3630, 0, 7, 0, 0, 0, 0
Wed Sep  1 15:57:54 2021, 0, 3281, 0, 6, 3630, 0, 7, 0, 0, 0, 0
Wed Sep  1 15:58:55 2021, 0, 3281, 0, 6, 3630, 0, 7, 0, 0, 0, 0
Wed Sep  1 15:59:55 2021, 0, 3281, 0, 6, 3630, 0, 7, 0, 0, 0, 0
Wed Sep  1 16:00:56 2021, 0, 3281, 0, 6, 3630, 0, 7, 0, 0, 0, 0
Wed Sep  1 16:01:56 2021, 0, 3281, 0, 6, 3630, 0, 7, 0, 0, 0, 0
Wed Sep  1 16:02:57 2021, 0, 3281, 0, 6, 3630, 0, 7, 0, 0, 0, 0
Wed Sep  1 16:03:58 2021, 0, 3281, 0, 6, 3630, 0, 7, 0, 0, 0, 0
Wed Sep  1 16:04:58 2021, 0, 3281, 0, 6, 3630, 0, 7, 0, 0, 0, 0
Wed Sep  1 16:05:59 2021, 0, 3281, 0, 6, 3630, 0, 7, 0, 0, 0, 0
Wed Sep  1 16:06:59 2021, 0, 3281, 0, 6, 3630, 0, 7, 0, 0, 0, 0
Wed Sep  1 16:08:00 2021, 0, 3281, 0, 6, 3630, 0, 7, 0, 0, 0, 0
Wed Sep  1 16:09:01 2021, 0, 3281, 0, 6, 3630, 0, 7, 0, 0, 0, 0
Wed Sep  1 16:10:01 2021, 0, 3281, 0, 6, 3630, 0, 7, 0, 0, 0, 0
Wed Sep  1 16:11:02 2021, 0, 3281, 0, 6, 3630, 0, 7, 0, 0, 0, 0
Wed Sep  1 16:12:02 2021, 0, 3281, 0, 6, 3630, 0, 7, 0, 0, 0, 0
Wed Sep  1 16:13:03 2021, 0, 3281, 0, 6, 3630, 0, 7, 0, 0, 0, 0
Wed Sep  1 16:14:04 2021, 0, 3281, 0, 6, 3630, 0, 7, 0, 0, 0, 0
Wed Sep  1 16:15:04 2021, 0, 3281, 0, 6, 3630, 0, 7, 0, 0, 0, 0
Wed Sep  1 16:16:05 2021, 0, 3281, 0, 6, 3630, 0, 7, 0, 0, 0, 0
Wed Sep  1 16:17:05 2021, 0, 3281, 0, 6, 3630, 0, 7, 0, 0, 0, 0
Wed Sep  1 16:18:06 2021, 0, 3281, 0, 6, 3630, 0, 7, 0, 0, 0, 0
Wed Sep  1 16:19:06 2021, 0, 3281, 0, 6, 3630, 0, 7, 0, 0, 0, 0
Wed Sep  1 16:20:07 2021, 0, 3281, 0, 6, 3630, 0, 7, 0, 0, 0, 0
Wed Sep  1 16:21:08 2021, 0, 3281, 0, 6, 3630, 0, 7, 0, 0, 0, 0
Wed Sep  1 16:22:08 2021, 0, 3281, 0, 6, 3630, 0, 7, 0, 0, 0, 0
Wed Sep  1 16:23:09 2021, 0, 3281, 0, 6, 3630, 0, 7, 0, 0, 0, 0
Wed Sep  1 16:24:09 2021, 0, 3281, 0, 6, 3630, 0, 7, 0, 0, 0, 0
Wed Sep  1 16:25:10 2021, 0, 3281, 0, 6, 3630, 0, 7, 0, 0, 0, 0
Wed Sep  1 16:26:10 2021, 0, 3281, 0, 6, 3630, 0, 7, 0, 0, 0, 0
Wed Sep  1 16:27:11 2021, 0, 3281, 0, 6, 3630, 0, 7, 0, 0, 0, 0
Wed Sep  1 16:28:11 2021, 0, 3281, 0, 6, 3630, 0, 7, 0, 0, 0, 0
Wed Sep  1 16:29:12 2021, 0, 3281, 0, 6, 3630, 0, 7, 0, 0, 0, 0
Wed Sep  1 16:30:13 2021, 0, 3281, 0, 6, 3630, 0, 7, 0, 0, 0, 0
Wed Sep  1 16:31:13 2021, 0, 3281, 0, 6, 3630, 0, 7, 0, 0, 0, 0
Wed Sep  1 16:32:14 2021, 0, 3281, 0, 6, 3630, 0, 7, 0, 0, 0, 0
Wed Sep  1 16:33:14 2021, 0, 3281, 0, 6, 3630, 0, 7, 0, 0, 0, 0
Wed Sep  1 16:34:15 2021, 0, 3281, 0, 6, 3630, 0, 7, 0, 0, 0, 0
Wed Sep  1 16:35:16 2021, 0, 3281, 0, 6, 3630, 0, 7, 0, 0, 0, 0
Wed Sep  1 16:36:16 2021, 0, 3281, 0, 6, 3630, 0, 7, 0, 0, 0, 0
Wed Sep  1 16:37:17 2021, 0, 3281, 0, 6, 3630, 0, 7, 0, 0, 0, 0
Wed Sep  1 16:38:17 2021, 0, 3281, 0, 6, 3630, 0, 7, 0, 0, 0, 0
Wed Sep  1 16:39:18 2021, 0, 3281, 0, 6, 3630, 0, 7, 0, 0, 0, 0
Wed Sep  1 16:40:18 2021, 0, 3281, 0, 6, 3630, 0, 7, 0, 0, 0, 0
Wed Sep  1 16:41:19 2021, 0, 3281, 0, 6, 3630, 0, 7, 0, 0, 0, 0
Wed Sep  1 16:42:20 2021, 0, 3281, 0, 6, 3630, 0, 7, 0, 0, 0, 0
Wed Sep  1 16:43:20 2021, 0, 3281, 0, 6, 3630, 0, 7, 0, 0, 0, 0
Wed Sep  1 16:44:21 2021, 0, 3281, 0, 6, 3630, 0, 7, 0, 0, 0, 0
Wed Sep  1 16:45:21 2021, 0, 3281, 0, 6, 3630, 0, 7, 0, 0, 0, 0
Wed Sep  1 16:46:22 2021, 0, 3281, 0, 6, 3630, 0, 7, 0, 0, 0, 0
Wed Sep  1 16:47:23 2021, 0, 3281, 0, 6, 3630, 0, 7, 0, 0, 0, 0
Wed Sep  1 16:48:23 2021, 0, 3281, 0, 6, 3630, 0, 7, 0, 0, 0, 0
Wed Sep  1 16:49:24 2021, 0, 3281, 0, 6, 3630, 0, 7, 0, 0, 0, 0
Wed Sep  1 16:50:24 2021, 0, 3281, 0, 6, 3630, 0, 7, 0, 0, 0, 0
Wed Sep  1 16:51:25 2021, 0, 3281, 0, 6, 3630, 0, 7, 0, 0, 0, 0
Wed Sep  1 16:52:26 2021, 0, 3281, 0, 6, 3630, 0, 7, 0, 0, 0, 0
Wed Sep  1 16:53:26 2021, 0, 3281, 0, 6, 3630, 0, 7, 0, 0, 0, 0
Wed Sep  1 16:54:27 2021, 0, 3281, 0, 6, 3630, 0, 7, 0, 0, 0, 0
Wed Sep  1 16:55:27 2021, 0, 3281, 0, 6, 3630, 0, 7, 0, 0, 0, 0
Wed Sep  1 16:56:28 2021, 0, 3281, 0, 6, 3630, 0, 7, 0, 0, 0, 0
Wed Sep  1 16:57:28 2021, 0, 3281, 0, 6, 3630, 0, 7, 0, 0, 0, 0
Wed Sep  1 16:58:29 2021, 0, 3281, 0, 6, 3630, 0, 7, 0, 0, 0, 0
Wed Sep  1 16:59:29 2021, 0, 3281, 0, 6, 3630, 0, 7, 150, 0, 0, 0
Wed Sep  1 17:00:30 2021, 0, 3281, 0, 6, 3630, 0, 7, 0, 0, 0, 0
Wed Sep  1 17:01:30 2021, 0, 3281, 0, 6, 3630, 0, 7, 0, 0, 0, 0
Wed Sep  1 17:02:31 2021, 0, 3281, 0, 6, 3630, 0, 7, 0, 0, 0, 0
Wed Sep  1 17:03:31 2021, 0, 3281, 0, 6, 3630, 0, 7, 0, 0, 0, 0
Wed Sep  1 17:04:32 2021, 0, 3281, 0, 6, 3630, 0, 7, 0, 0, 0, 0
Wed Sep  1 17:05:33 2021, 0, 3281, 0, 6, 3630, 0, 7, 0, 0, 0, 0
Wed Sep  1 17:06:33 2021, 0, 3281, 0, 6, 3630, 0, 7, 0, 0, 0, 0
Wed Sep  1 17:07:34 2021, 0, 3281, 0, 6, 3630, 0, 7, 150, 0, 0, 0
Wed Sep  1 17:08:34 2021, 0, 3281, 0, 6, 3630, 0, 7, 150, 0, 0, 0
Wed Sep  1 17:09:35 2021, 0, 3281, 0, 6, 3630, 0, 7, 150, 0, 0, 0
Wed Sep  1 17:10:35 2021, 0, 3281, 0, 6, 3630, 0, 7, 150, 0, 0, 0
Wed Sep  1 17:11:36 2021, 0, 3281, 0, 6, 3630, 0, 7, 0, 0, 0, 0
Wed Sep  1 17:12:36 2021, 0, 3281, 0, 6, 3630, 0, 7, 0, 0, 0, 0
Wed Sep  1 17:13:37 2021, 0, 3281, 0, 6, 3630, 0, 7, 150, 0, 0, 0
Wed Sep  1 17:14:37 2021, 0, 3281, 0, 6, 3630, 0, 7, 150, 0, 0, 0
Wed Sep  1 17:15:38 2021, 0, 3281, 0, 6, 3630, 0, 7, 150, 0, 0, 0
Wed Sep  1 17:16:38 2021, 0, 3281, 0, 6, 3630, 0, 7, 0, 0, 0, 0
Wed Sep  1 17:17:39 2021, 0, 3281, 0, 6, 3630, 0, 7, 150, 0, 0, 0
Wed Sep  1 17:18:40 2021, 0, 3281, 0, 6, 3630, 0, 7, 150, 0, 0, 0
Wed Sep  1 17:19:40 2021, 0, 3281, 0, 6, 3630, 0, 7, 150, 0, 0, 0
Wed Sep  1 17:20:41 2021, 0, 3281, 0, 6, 3630, 0, 7, 150, 0, 0, 0
Wed Sep  1 17:21:41 2021, 0, 3281, 0, 6, 3630, 0, 7, 150, 0, 0, 0
Wed Sep  1 17:22:42 2021, 0, 3281, 0, 6, 3630, 0, 7, 150, 0, 0, 0
Wed Sep  1 17:23:42 2021, 0, 3281, 0, 6, 3630, 0, 7, 150, 0, 0, 0
Wed Sep  1 17:24:43 2021, 0, 3281, 0, 6, 3630, 0, 7, 150, 0, 0, 0
Wed Sep  1 17:25:44 2021, 0, 3281, 0, 6, 3630, 0, 7, 150, 0, 0, 0
Wed Sep  1 17:26:44 2021, 0, 3281, 0, 6, 3630, 0, 7, 150, 0, 0, 0
Wed Sep  1 17:27:45 2021, 0, 3281, 0, 6, 3630, 0, 7, 150, 0, 0, 0
Wed Sep  1 17:28:45 2021, 0, 3281, 0, 6, 3630, 0, 7, 150, 0, 0, 0
Wed Sep  1 17:29:46 2021, 0, 3281, 0, 6, 3630, 0, 7, 150, 0, 0, 0
Wed Sep  1 17:30:47 2021, 0, 3281, 0, 6, 3630, 0, 7, 150, 0, 0, 0
Wed Sep  1 17:31:47 2021, 0, 3281, 0, 6, 3630, 0, 7, 150, 0, 0, 0
Wed Sep  1 17:32:48 2021, 0, 3281, 0, 6, 3630, 0, 7, 150, 0, 0, 0
Wed Sep  1 17:33:48 2021, 0, 3281, 0, 6, 3630, 0, 7, 150, 0, 0, 0
Wed Sep  1 17:34:49 2021, 0, 3281, 0, 6, 3630, 0, 7, 150, 0, 0, 0
Wed Sep  1 17:35:50 2021, 0, 3281, 0, 6, 3630, 0, 7, 150, 0, 0, 0
Wed Sep  1 17:36:50 2021, 0, 3281, 0, 6, 3630, 0, 7, 150, 0, 0, 0
Wed Sep  1 17:37:51 2021, 0, 3281, 0, 6, 3630, 0, 7, 150, 0, 0, 0
Wed Sep  1 17:38:51 2021, 0, 3281, 0, 6, 3630, 0, 7, 150, 0, 0, 0
Wed Sep  1 17:39:52 2021, 0, 3281, 0, 6, 3630, 0, 7, 150, 0, 0, 0
Wed Sep  1 17:40:52 2021, 0, 3281, 0, 6, 3630, 0, 7, 150, 0, 0, 0
Wed Sep  1 17:41:53 2021, 0, 3281, 0, 6, 3630, 0, 7, 150, 0, 0, 0
Wed Sep  1 17:42:54 2021, 0, 3281, 0, 6, 3630, 0, 7, 150, 0, 0, 0
Wed Sep  1 17:43:54 2021, 0, 3281, 0, 6, 3630, 0, 7, 150, 0, 0, 0
Wed Sep  1 17:44:55 2021, 0, 3281, 0, 6, 3630, 0, 7, 150, 0, 0, 0
Wed Sep  1 17:45:55 2021, 0, 3281, 0, 6, 3630, 0, 7, 150, 0, 0, 0
Wed Sep  1 17:46:56 2021, 0, 3281, 0, 6, 3630, 0, 7, 150, 0, 0, 0
Wed Sep  1 17:47:57 2021, 0, 3281, 0, 6, 3630, 0, 7, 150, 0, 0, 0
Wed Sep  1 17:48:57 2021, 0, 3281, 0, 6, 3630, 0, 7, 150, 0, 0, 0
Wed Sep  1 17:49:58 2021, 0, 3281, 0, 6, 3630, 0, 7, 150, 0, 0, 0
Wed Sep  1 17:50:58 2021, 0, 3281, 0, 6, 3630, 0, 7, 150, 0, 0, 0
Wed Sep  1 17:51:59 2021, 0, 3281, 0, 6, 3630, 0, 7, 150, 0, 0, 0
Wed Sep  1 17:53:00 2021, 0, 3281, 0, 6, 3630, 0, 7, 150, 0, 0, 0
Wed Sep  1 17:54:00 2021, 0, 3281, 0, 6, 3630, 0, 7, 150, 0, 0, 0
Wed Sep  1 17:55:01 2021, 0, 3281, 0, 6, 3630, 0, 7, 150, 0, 0, 0
Wed Sep  1 17:56:01 2021, 0, 3281, 0, 6, 3630, 0, 7, 150, 0, 0, 0
Wed Sep  1 17:57:02 2021, 0, 3281, 0, 6, 3630, 0, 7, 150, 0, 0, 0
Wed Sep  1 17:58:03 2021, 0, 3281, 0, 6, 3630, 0, 7, 150, 0, 0, 0
Wed Sep  1 17:59:03 2021, 0, 3281, 0, 6, 3630, 0, 7, 150, 0, 0, 0
Wed Sep  1 18:00:04 2021, 0, 3281, 0, 6, 3630, 0, 7, 150, 0, 0, 0
Wed Sep  1 18:01:04 2021, 0, 3281, 0, 6, 3630, 0, 7, 150, 0, 0, 0
Wed Sep  1 18:02:05 2021, 0, 3281, 0, 6, 3630, 0, 7, 150, 0, 0, 0
Wed Sep  1 18:03:05 2021, 0, 3281, 0, 6, 3630, 0, 7, 150, 0, 0, 0
Wed Sep  1 18:04:06 2021, 0, 3281, 0, 6, 3630, 0, 7, 150, 0, 0, 0
Wed Sep  1 18:05:06 2021, 0, 3281, 0, 6, 3630, 0, 7, 150, 0, 0, 0
Wed Sep  1 18:06:07 2021, 0, 3281, 0, 6, 3630, 0, 7, 150, 0, 0, 0
Wed Sep  1 18:07:08 2021, 0, 3281, 0, 6, 3630, 0, 7, 150, 0, 0, 0
Wed Sep  1 18:08:08 2021, 0, 3281, 0, 6, 3630, 0, 7, 150, 0, 0, 0
Wed Sep  1 18:09:09 2021, 0, 3281, 0, 6, 3630, 0, 7, 150, 0, 0, 0
Wed Sep  1 18:10:09 2021, 0, 3281, 0, 6, 3630, 0, 7, 150, 0, 0, 0
Wed Sep  1 18:11:10 2021, 0, 3281, 0, 6, 3630, 0, 7, 150, 0, 0, 0
Wed Sep  1 18:12:11 2021, 0, 3281, 0, 6, 3630, 0, 7, 150, 0, 0, 0
Wed Sep  1 18:13:11 2021, 0, 3281, 0, 6, 3630, 0, 7, 150, 0, 0, 0
Wed Sep  1 18:14:12 2021, 0, 3281, 0, 6, 3630, 0, 7, 150, 0, 0, 0
Wed Sep  1 18:15:12 2021, 0, 3281, 0, 6, 3630, 0, 7, 150, 0, 0, 0
Wed Sep  1 18:16:13 2021, 0, 3281, 0, 6, 3630, 0, 7, 150, 0, 0, 0
Wed Sep  1 18:17:13 2021, 0, 3281, 0, 6, 3630, 0, 7, 150, 0, 0, 0
Wed Sep  1 18:18:14 2021, 0, 3281, 0, 6, 3630, 0, 7, 150, 0, 0, 0
Wed Sep  1 18:19:14 2021, 0, 3281, 0, 6, 3630, 0, 7, 150, 0, 0, 0
Wed Sep  1 18:20:15 2021, 0, 3281, 0, 6, 3630, 0, 7, 150, 0, 0, 0
Wed Sep  1 18:21:15 2021, 0, 3281, 0, 6, 3630, 0, 7, 150, 0, 0, 0
Wed Sep  1 18:22:16 2021, 0, 3281, 0, 6, 3630, 0, 7, 150, 0, 0, 0
Wed Sep  1 18:23:17 2021, 0, 3281, 0, 6, 3630, 0, 7, 150, 0, 0, 0
Wed Sep  1 18:24:17 2021, 0, 3281, 0, 6, 3630, 0, 7, 150, 0, 0, 0
Wed Sep  1 18:25:18 2021, 0, 3281, 0, 6, 3630, 0, 7, 150, 0, 0, 0
Wed Sep  1 18:26:18 2021, 0, 3281, 0, 6, 3630, 0, 7, 150, 0, 0, 0
Wed Sep  1 18:27:19 2021, 0, 3281, 0, 6, 3630, 0, 7, 150, 0, 0, 0
Wed Sep  1 18:28:20 2021, 0, 3281, 0, 6, 3630, 0, 7, 150, 0, 0, 0
Wed Sep  1 18:29:20 2021, 0, 3281, 0, 6, 3630, 0, 7, 150, 0, 0, 0
Wed Sep  1 18:30:21 2021, 0, 3281, 0, 6, 3630, 0, 7, 150, 0, 0, 0
Wed Sep  1 18:31:21 2021, 0, 3281, 0, 6, 3630, 0, 7, 150, 0, 0, 0
Wed Sep  1 18:32:22 2021, 0, 3281, 0, 6, 3630, 0, 7, 150, 0, 0, 0
Wed Sep  1 18:33:22 2021, 0, 3281, 0, 6, 3630, 0, 7, 150, 0, 0, 0
Wed Sep  1 18:34:23 2021, 0, 3281, 0, 6, 3630, 0, 7, 150, 0, 0, 0
Wed Sep  1 18:35:24 2021, 0, 3281, 0, 6, 3630, 0, 7, 150, 0, 0, 0
Wed Sep  1 18:36:24 2021, 0, 3281, 0, 6, 3630, 0, 7, 150, 0, 0, 0
Wed Sep  1 18:37:25 2021, 0, 3281, 0, 6, 3630, 0, 7, 150, 0, 0, 0
Wed Sep  1 18:38:25 2021, 0, 3281, 0, 6, 3630, 0, 7, 150, 0, 0, 0
Wed Sep  1 18:39:26 2021, 0, 3281, 0, 6, 3630, 0, 7, 150, 0, 0, 0
Wed Sep  1 18:40:26 2021, 0, 3281, 0, 6, 3630, 0, 7, 150, 0, 0, 0
Wed Sep  1 18:41:27 2021, 0, 3281, 0, 6, 3630, 0, 7, 150, 0, 0, 0
Wed Sep  1 18:42:28 2021, 0, 3281, 0, 6, 3630, 0, 7, 150, 0, 0, 0
Wed Sep  1 18:43:28 2021, 0, 3281, 0, 6, 3630, 0, 7, 150, 0, 0, 0
Wed Sep  1 18:44:29 2021, 0, 3281, 0, 6, 3630, 0, 7, 150, 0, 0, 0
Wed Sep  1 18:45:29 2021, 0, 3281, 0, 6, 3630, 0, 7, 150, 0, 0, 0
Wed Sep  1 18:46:30 2021, 0, 3281, 0, 6, 3630, 0, 7, 150, 0, 0, 0
Wed Sep  1 18:47:30 2021, 0, 3281, 0, 6, 3630, 0, 7, 150, 0, 0, 0
Wed Sep  1 18:48:31 2021, 0, 3281, 0, 6, 3630, 0, 7, 150, 0, 0, 0
Wed Sep  1 18:49:32 2021, 0, 3281, 0, 6, 3630, 0, 7, 150, 0, 0, 0
Wed Sep  1 18:50:32 2021, 0, 3281, 0, 6, 3630, 0, 7, 150, 0, 0, 0
Wed Sep  1 18:51:33 2021, 0, 3281, 0, 6, 3630, 0, 7, 150, 0, 0, 0
Wed Sep  1 18:52:33 2021, 0, 3281, 0, 6, 3630, 0, 7, 150, 0, 0, 0
Wed Sep  1 18:53:34 2021, 0, 3281, 0, 6, 3630, 0, 7, 150, 0, 0, 0
Wed Sep  1 18:54:35 2021, 0, 3281, 0, 6, 3630, 0, 7, 150, 0, 0, 0
Wed Sep  1 18:55:35 2021, 0, 3281, 0, 6, 3630, 0, 7, 150, 0, 0, 0
Sun Aug 15 18:56:28 2021, 0, 0, 0, 6, 3630, 0, 7, 0, 0, 0, 0
Sun Aug 15 18:57:29 2021, 0, 0, 0, 6, 3630, 0, 7, 0, 0, 0, 0
Sun Aug 15 18:58:29 2021, 0, 0, 0, 6, 3630, 0, 7, 0, 0, 0, 0
Sun Aug 15 18:59:30 2021, 0, 0, 0, 6, 3630, 0, 7, 0, 0, 0, 0
Sun Aug 15 19:00:30 2021, 0, 0, 0, 6, 3630, 0, 7, 0, 0, 0, 0
Sun Aug 15 19:01:31 2021, 0, 0, 0, 6, 3630, 0, 7, 0, 0, 0, 0
Sun Aug 15 19:02:32 2021, 0, 0, 0, 6, 3630, 0, 7, 0, 0, 0, 0
Sun Aug 15 19:03:32 2021, 0, 0, 0, 6, 3630, 0, 7, 0, 0, 0, 0
Sun Aug 15 19:04:33 2021, 0, 0, 0, 6, 3630, 0, 7, 0, 0, 0, 0
Sun Aug 15 19:05:33 2021, 0, 0, 0, 6, 3630, 0, 7, 0, 0, 0, 1
Sun Aug 15 19:06:34 2021, 0, 0, 0, 6, 3630, 0, 7, 0, 0, 0, 1
Sun Aug 15 19:07:35 2021, 0, 0, 0, 6, 3630, 0, 7, 0, 0, 0, 1
Sun Aug 15 19:08:35 2021, 0, 0, 0, 6, 3630, 0, 7, 0, 0, 0, 1
Sun Aug 15 19:09:36 2021, 0, 0, 0, 6, 3630, 0, 7, 0, 0, 0, 1
Sun Aug 15 19:10:36 2021, 0, 0, 0, 6, 3630, 0, 7, 0, 0, 0, 1
Sun Aug 15 19:11:37 2021, 0, 0, 0, 6, 3630, 0, 7, 0, 0, 0, 1
Sun Aug 15 19:12:37 2021, 0, 0, 0, 6, 3630, 0, 7, 0, 0, 0, 1
Sun Aug 15 19:13:38 2021, 0, 0, 0, 6, 3630, 0, 7, 0, 0, 0, 1
Sun Aug 15 19:14:39 2021, 0, 0, 0, 6, 3630, 0, 7, 0, 0, 0, 1
Sun Aug 15 19:15:39 2021, 0, 0, 0, 6, 3630, 0, 7, 0, 0, 0, 1
Sun Aug 15 19:16:40 2021, 0, 0, 0, 6, 3630, 0, 7, 0, 0, 0, 1
Sun Aug 15 19:17:40 2021, 0, 0, 0, 6, 3630, 0, 7, 0, 0, 0, 1
Sun Aug 15 19:18:41 2021, 0, 0, 0, 6, 3630, 0, 7, 0, 0, 0, 1
Sun Aug 15 19:19:41 2021, 0, 0, 0, 6, 3630, 0, 7, 0, 0, 0, 1
Sun Aug 15 19:20:42 2021, 0, 0, 0, 6, 3630, 0, 7, 0, 0, 0, 1
Sun Aug 15 19:21:43 2021, 0, 0, 0, 6, 3630, 0, 7, 0, 0, 0, 1
Sun Aug 15 19:22:43 2021, 0, 0, 0, 6, 3630, 0, 7, 0, 0, 0, 1
Sun Aug 15 19:23:44 2021, 0, 0, 0, 6, 3630, 0, 7, 0, 0, 0, 1
Sun Aug 15 19:24:44 2021, 0, 0, 0, 6, 3630, 0, 7, 0, 0, 4700, 1
Wed Sep  1 19:25:52 2021, 0, 0, 0, 6, 0, 0, 7, 0, 0, 0, 0
Wed Sep  1 19:26:53 2021, 0, 0, 0, 6, 3630, 0, 7,1800 , 0, 0, 0
Wed Sep  1 19:27:54 2021, 0, 0, 0, 6, 3630, 0, 7,1800 , 0, 0, 0
Wed Sep  1 19:28:54 2021, 0, 0, 0, 6, 3630, 0, 7,1800 , 0, 10.3226, 0
Wed Sep  1 19:29:55 2021, 0, 0, 0, 6, 3630, 0, 7,1800 , 0, 0, 0
Wed Sep  1 19:30:55 2021, 0, 0, 0, 6, 3630, 0, 7,1800 , 0, 0, 0
Wed Sep  1 19:31:56 2021, 0, 0, 0, 6, 3630, 0, 7,1800 , 0, 0, 0
Wed Sep  1 19:32:57 2021, 0, 0, 0, 6, 3630, 0, 7,1800 , 0, 0, 0
Wed Sep  1 19:33:57 2021, 0, 0, 0, 6, 3630, 0, 7,1800 , 0, 0, 0
Wed Sep  1 19:34:58 2021, 0, 0, 0, 6, 3630, 0, 7,1800 , 0, 0, 0
Wed Sep  1 19:35:58 2021, 0, 0, 0, 6, 3630, 0, 7,1800 , 0, 41.2903, 0
Wed Sep  1 19:36:59 2021, 0, 0, 0, 6, 3630, 0, 7,1800 , 0, 350.968, 0
Wed Sep  1 19:38:00 2021, 0, 0, 0, 6, 3630, 0, 7,1800 , 0, 309.677, 0
Wed Sep  1 19:39:00 2021, 0, 13, 800, 6, 3630, 0, 7, 1725, 0, 350.968, 1
Wed Sep  1 19:40:01 2021, 0, 26, 800, 6, 3630, 0, 7, 1725, 0, 350.968, 1
Wed Sep  1 19:41:01 2021, 0, 39, 800, 6, 3630, 0, 7, 1575, 0, 361.29, 1
Wed Sep  1 19:42:02 2021, 0, 52, 800, 6, 3630, 0, 7, 1500, 0, 371.613, 1
Wed Sep  1 19:43:02 2021, 0, 65, 800, 6, 3630, 0, 7, 1500, 0, 381.935, 1
Wed Sep  1 19:44:03 2021, 0, 78, 800, 6, 3630, 0, 7, 1350, 0, 392.258, 1
Wed Sep  1 19:45:04 2021, 0, 91, 800, 6, 3630, 0, 7, 1350, 0, 392.258, 1
Wed Sep  1 19:46:04 2021, 0, 104, 800, 6, 3630, 0, 7, 1350, 0, 392.258, 1
Wed Sep  1 19:47:05 2021, 0, 117, 800, 6, 3630, 0, 7, 1350, 0, 402.581, 1
Wed Sep  1 19:48:05 2021, 0, 130, 800, 6, 3630, 0, 7, 1350, 0, 402.581, 1
Wed Sep  1 19:49:06 2021, 0, 143, 800, 6, 3630, 0, 7, 1350, 0, 402.581, 1
Wed Sep  1 19:50:06 2021, 0, 156, 800, 6, 3630, 0, 7, 1350, 0, 402.581, 1
Wed Sep  1 19:51:07 2021, 0, 169, 800, 6, 3630, 0, 7, 1350, 0, 392.258, 1
Wed Sep  1 19:52:08 2021, 0, 182, 800, 6, 3630, 0, 7, 1350, 0, 402.581, 1
Wed Sep  1 19:53:08 2021, 0, 195, 800, 6, 3630, 0, 7, 1275, 0, 402.581, 1
Wed Sep  1 19:54:09 2021, 0, 208, 800, 6, 3630, 0, 7, 1275, 0, 402.581, 1
Wed Sep  1 19:55:09 2021, 0, 221, 800, 6, 3630, 0, 7, 1275, 0, 402.581, 1
Wed Sep  1 19:56:10 2021, 0, 234, 800, 6, 3630, 0, 7, 1275, 0, 402.581, 1
Sun Aug 15 19:57:02 2021, 0, 0, 0, 6, 0, 0, 7, 0, 0, 0, 1
Sun Aug 15 19:58:03 2021, 0, 0, 0, 6, 0, 0, 7, 0, 0, 0, 1
Sun Aug 15 19:59:04 2021, 0, 0, 0, 6, 0, 0, 7, 0, 0, 0, 1
Sun Aug 15 20:00:04 2021, 0, 0, 0, 6, 0, 0, 7, 0, 0, 0, 1
Sun Aug 15 20:01:05 2021, 0, 0, 0, 6, 0, 0, 7, 0, 0, 0, 1
Sun Aug 15 20:02:05 2021, 0, 0, 0, 6, 0, 0, 7, 0, 0, 0, 1
Sun Aug 15 20:03:06 2021, 0, 0, 0, 6, 0, 0, 7, 0, 0, 0, 1
Sun Aug 15 20:04:06 2021, 0, 0, 0, 6, 0, 0, 7, 0, 0, 0, 1
Sun Aug 15 20:05:07 2021, 0, 0, 0, 6, 0, 0, 7, 0, 0, 0, 1
Sun Aug 15 20:06:08 2021, 0, 0, 0, 6, 0, 0, 7, 0, 0, 0, 1
Sun Aug 15 20:07:08 2021, 0, 0, 0, 6, 0, 0, 7, 0, 0, 0, 1
Sun Aug 15 20:08:09 2021, 0, 0, 0, 6, 0, 0, 7, 0, 0, 0, 1
Sun Aug 15 20:09:09 2021, 0, 0, 0, 6, 0, 0, 7, 0, 0, 0, 1
Sun Aug 15 20:10:10 2021, 0, 0, 0, 6, 0, 0, 7, 0, 0, 0, 1
Sun Aug 15 20:11:11 2021, 0, 0, 0, 6, 0, 0, 7, 0, 0, 0, 1
Sun Aug 15 20:12:11 2021, 0, 0, 0, 6, 0, 0, 7, 0, 0, 0, 1
Sun Aug 15 20:13:12 2021, 0, 0, 0, 6, 0, 0, 7, 0, 0, 0, 1
Sun Aug 15 20:14:12 2021, 0, 0, 0, 6, 0, 0, 7, 0, 0, 0, 1
Sun Aug 15 20:15:13 2021, 0, 0, 0, 6, 0, 0, 7, 0, 0, 0, 1
Sun Aug 15 20:16:13 2021, 0, 0, 0, 6, 0, 0, 7, 0, 0, 0, 1
Sun Aug 15 20:17:14 2021, 0, 0, 0, 6, 0, 0, 7, 0, 0, 0, 1
Sun Aug 15 20:18:15 2021, 0, 0, 0, 6, 0, 0, 7, 0, 0, 0, 1
Sun Aug 15 20:19:13 2021, 0, 0, 0, 6, 0, 0, 7, 0, 0, 0, 1
Sun Aug 15 20:20:14 2021, 0, 0, 0, 6, 0, 0, 7, 0, 0, 0, 0
Sun Aug 15 20:21:14 2021, 0, 0, 0, 6, 0, 0, 7, 0, 0, 0, 0
Sun Aug 15 20:22:15 2021, 0, 0, 0, 6, 0, 0, 7, 0, 0, 0, 0
Sun Aug 15 20:23:16 2021, 0, 0, 0, 6, 0, 0, 7, 0, 0, 0, 0
Sun Aug 15 20:24:16 2021, 0, 0, 0, 6, 0, 0, 7, 0, 0, 0, 0
Wed Sep  1 20:25:26 2021, 0, 0, 0, 6, 0, 0, 7, 0, 0, 0, 0
Wed Sep  1 20:26:26 2021, 0, 0, 0, 6, 3630, 0, 7, 3300, 0, 4531.61, 0
Wed Sep  1 20:27:27 2021, 0, 0, 0, 6, 3630, 0, 7, 3300, 0, 0, 0
Wed Sep  1 20:28:28 2021, 0, 0, 0, 6, 3630, 0, 7, 3300, 0, 0, 0
Wed Sep  1 20:29:28 2021, 0, 0, 0, 6, 3630, 0, 7, 3375, 0, 0, 0
Wed Sep  1 20:30:29 2021, 0, 0, 0, 6, 3630, 0, 7, 3300, 0, 0, 0
Wed Sep  1 20:31:29 2021, 0, 0, 0, 6, 3630, 0, 7, 3300, 0, 0, 0
Wed Sep  1 20:32:30 2021, 0, 0, 0, 6, 3630, 0, 7, 3375, 0, 0, 0
Wed Sep  1 20:33:31 2021, 0, 0, 0, 6, 3630, 0, 7, 3300, 0, 0, 0
Wed Sep  1 20:34:31 2021, 0, 0, 0, 6, 3630, 0, 7, 3075, 0, 0, 0
Wed Sep  1 20:35:32 2021, 0, 0, 0, 6, 3630, 0, 7, 3000, 0, 0, 0
Wed Sep  1 20:36:32 2021, 0, 0, 0, 6, 3630, 0, 7, 3000, 0, 41.2903, 0
Wed Sep  1 20:37:33 2021, 0, 0, 0, 6, 3630, 0, 7, 3000, 0, 350.968, 0
Wed Sep  1 20:38:34 2021, 0, 13, 800, 6, 3630, 0, 7, 2850, 0, 350.968, 1
Wed Sep  1 20:39:34 2021, 0, 26, 800, 6, 3630, 0, 7, 2775, 0, 361.29, 1
Wed Sep  1 20:40:35 2021, 0, 39, 800, 6, 3630, 0, 7, 2775, 0, 350.968, 1
Wed Sep  1 20:41:35 2021, 0, 52, 800, 6, 3630, 0, 7, 2775, 0, 361.29, 1
Wed Sep  1 20:42:36 2021, 0, 65, 800, 6, 3630, 0, 7, 2775, 0, 361.29, 1
Wed Sep  1 20:43:36 2021, 0, 78, 800, 6, 3630, 0, 7, 2625, 0, 361.29, 1
Wed Sep  1 20:44:37 2021, 0, 91, 800, 6, 3630, 0, 7, 2625, 0, 361.29, 1
Wed Sep  1 20:45:37 2021, 0, 104, 800, 6, 3630, 0, 7, 2625, 0, 361.29, 1
Wed Sep  1 20:46:38 2021, 0, 117, 800, 6, 3630, 0, 7, 2625, 0, 361.29, 1
Wed Sep  1 20:47:39 2021, 0, 130, 800, 6, 3630, 0, 7, 2550, 0, 361.29, 1
Wed Sep  1 20:48:39 2021, 0, 143, 800, 6, 3630, 0, 7, 2550, 0, 361.29, 1
Wed Sep  1 20:49:40 2021, 0, 156, 800, 6, 3630, 0, 7, 2550, 0, 371.613, 1
Wed Sep  1 20:50:40 2021, 0, 169, 800, 6, 3630, 0, 7, 2550, 0, 371.613, 1
Wed Sep  1 20:51:41 2021, 0, 182, 800, 6, 3630, 0, 7, 2550, 0, 371.613, 1
Wed Sep  1 20:52:41 2021, 0, 195, 800, 6, 3630, 0, 7, 2550, 0, 361.29, 1
Wed Sep  1 20:53:42 2021, 0, 208, 800, 6, 3630, 0, 7, 2475, 0, 361.29, 1
Wed Sep  1 20:54:43 2021, 0, 221, 800, 6, 3630, 0, 7, 2475, 0, 371.613, 1
Wed Sep  1 20:55:43 2021, 0, 234, 800, 6, 3630, 0, 7, 2400, 0, 371.613, 1
Wed Sep  1 20:56:44 2021, 0, 247, 800, 6, 3630, 0, 7, 2400, 0, 371.613, 1
Wed Sep  1 20:57:44 2021, 0, 260, 800, 6, 3630, 0, 7, 2400, 0, 371.613, 1
Wed Sep  1 20:58:45 2021, 0, 348, 5300, 6, 3630, 0, 7, 2400, 0, 4861.94, 1
Wed Sep  1 20:59:45 2021, 0, 436, 5300, 6, 3630, 0, 7, 2400, 0, 4820.65, 1
Wed Sep  1 21:00:46 2021, 0, 524, 5300, 6, 3630, 0, 7, 2325, 0, 4820.65, 1
Wed Sep  1 21:01:47 2021, 0, 612, 5300, 6, 3630, 0, 7, 2250, 0, 4820.65, 1
Wed Sep  1 21:02:47 2021, 0, 700, 5300, 6, 3630, 0, 7, 2175, 0, 4851.61, 1
Wed Sep  1 21:03:48 2021, 0, 788, 5300, 6, 3630, 0, 7, 2175, 0, 4872.26, 1
Wed Sep  1 21:04:48 2021, 0, 876, 5300, 6, 3630, 0, 7, 2025, 0, 4841.29, 1
Wed Sep  1 21:05:49 2021, 0, 964, 5300, 6, 3630, 0, 7, 1950, 0, 4830.97, 1
Wed Sep  1 21:06:50 2021, 0, 1052, 5300, 6, 3630, 0, 7, 1875, 0, 4820.65, 1
Wed Sep  1 21:07:50 2021, 0, 1140, 5300, 6, 3630, 0, 7, 1800, 0, 4861.94, 1
Wed Sep  1 21:08:51 2021, 0, 1228, 5300, 6, 3630, 0, 7, 1725, 0, 4861.94, 1
Wed Sep  1 21:09:51 2021, 0, 1316, 5300, 6, 3630, 0, 7, 1725, 0, 4892.9, 1
Wed Sep  1 21:10:52 2021, 0, 1404, 5300, 6, 3630, 0, 7, 1650, 0, 4892.9, 1
Wed Sep  1 21:11:53 2021, 0, 1492, 5300, 6, 3630, 0, 7, 1575, 0, 4769.03, 1
Wed Sep  1 21:12:53 2021, 0, 1580, 5300, 6, 3630, 0, 7, 1575, 0, 4789.68, 1
Wed Sep  1 21:13:54 2021, 0, 1668, 5300, 6, 3630, 0, 7, 1425, 0, 4820.65, 1
Wed Sep  1 21:14:54 2021, 0, 1756, 5300, 6, 3630, 0, 7, 1350, 0, 4800, 1
Wed Sep  1 21:15:55 2021, 0, 1844, 5300, 6, 3630, 0, 7, 1275, 0, 4769.03, 1
Wed Sep  1 21:16:55 2021, 0, 1932, 5300, 6, 3630, 0, 7, 1200, 0, 392.258, 1
Wed Sep  1 21:17:56 2021, 0, 1945, 800, 6, 3630, 0, 7, 1050, 0, 392.258, 1
Wed Sep  1 21:18:57 2021, 0, 1958, 800, 6, 3630, 0, 7, 1050, 0, 402.581, 1
Wed Sep  1 21:19:57 2021, 0, 1971, 800, 6, 3630, 0, 7, 1050, 0, 392.258, 1
Wed Sep  1 21:20:58 2021, 0, 1984, 800, 6, 3630, 0, 7, 975, 0, 402.581, 1
Wed Sep  1 21:21:58 2021, 0, 1997, 800, 6, 3630, 0, 7, 975, 0, 402.581, 1
Wed Sep  1 21:22:59 2021, 0, 2010, 800, 6, 3630, 0, 7, 975, 0, 392.258, 1
Wed Sep  1 21:23:59 2021, 0, 2023, 800, 6, 3630, 0, 7, 975, 0, 402.581, 1
Wed Sep  1 21:25:00 2021, 0, 2036, 800, 6, 3630, 0, 7, 975, 0, 402.581, 1
Wed Sep  1 21:26:01 2021, 0, 2049, 800, 6, 3630, 0, 7, 975, 0, 402.581, 1
Wed Sep  1 21:27:01 2021, 0, 2062, 800, 6, 3630, 0, 7, 975, 0, 402.581, 1
Wed Sep  1 21:28:02 2021, 0, 2075, 800, 6, 3630, 0, 7, 975, 0, 402.581, 1
Wed Sep  1 21:29:02 2021, 0, 2088, 800, 6, 3630, 0, 7, 975, 0, 402.581, 1
Wed Sep  1 21:30:03 2021, 0, 2101, 800, 6, 3630, 0, 7, 975, 0, 402.581, 1
Wed Sep  1 21:31:03 2021, 0, 2114, 800, 6, 3630, 0, 7, 975, 0, 402.581, 1
Wed Sep  1 21:32:04 2021, 0, 2127, 800, 6, 3630, 0, 7, 975, 0, 402.581, 1
Wed Sep  1 21:33:05 2021, 0, 2140, 800, 6, 3630, 0, 7, 900, 0, 412.903, 1
Wed Sep  1 21:34:05 2021, 0, 2153, 800, 6, 3630, 0, 7, 900, 0, 402.581, 1
Wed Sep  1 21:35:06 2021, 0, 2166, 800, 6, 3630, 0, 7, 825, 0, 402.581, 1
Wed Sep  1 21:36:06 2021, 0, 2179, 800, 6, 3630, 0, 7, 825, 0, 412.903, 1
Wed Sep  1 21:37:07 2021, 0, 2192, 800, 6, 3630, 0, 7, 825, 0, 412.903, 1
Wed Sep  1 21:38:08 2021, 0, 2205, 800, 6, 3630, 0, 7, 825, 0, 412.903, 1
Wed Sep  1 21:39:08 2021, 0, 2218, 800, 6, 3630, 0, 7, 825, 0, 412.903, 1
Wed Sep  1 21:40:09 2021, 0, 2231, 800, 6, 3630, 0, 7, 825, 0, 412.903, 1
Wed Sep  1 21:41:09 2021, 0, 2244, 800, 6, 3630, 0, 7, 825, 0, 412.903, 1
Wed Sep  1 21:42:10 2021, 0, 2257, 800, 6, 3630, 0, 7, 750, 0, 412.903, 1
Wed Sep  1 21:43:11 2021, 0, 2270, 800, 6, 3630, 0, 7, 750, 0, 412.903, 1
Wed Sep  1 21:44:11 2021, 0, 2283, 800, 6, 3630, 0, 7, 750, 0, 412.903, 1
Wed Sep  1 21:45:12 2021, 0, 2296, 800, 6, 3630, 0, 7, 750, 0, 412.903, 1
Wed Sep  1 21:46:12 2021, 0, 2309, 800, 6, 3630, 0, 7, 750, 0, 423.226, 1
Wed Sep  1 21:47:13 2021, 0, 2322, 800, 6, 3630, 0, 7, 600, 0, 412.903, 1
Wed Sep  1 21:48:13 2021, 0, 2335, 800, 6, 3630, 0, 7, 600, 0, 412.903, 1
Wed Sep  1 21:49:14 2021, 0, 2348, 800, 6, 3630, 0, 7, 600, 0, 423.226, 1
Wed Sep  1 21:50:15 2021, 0, 2361, 800, 6, 3630, 0, 7, 600, 0, 423.226, 1
Wed Sep  1 21:51:15 2021, 0, 2374, 800, 6, 3630, 0, 7, 600, 0, 423.226, 1
Wed Sep  1 21:52:16 2021, 0, 2387, 800, 6, 3630, 0, 7, 600, 0, 423.226, 1
Wed Sep  1 21:53:16 2021, 0, 2400, 800, 6, 3630, 0, 7, 600, 0, 423.226, 1
Wed Sep  1 21:54:17 2021, 0, 2426, 800, 6, 3630, 0, 7, 600, 0, 423.226, 1
Wed Sep  1 21:55:18 2021, 0, 2439, 800, 6, 3630, 0, 7, 525, 0, 423.226, 1
Wed Sep  1 21:56:18 2021, 0, 2452, 800, 6, 3630, 0, 7, 525, 0, 423.226, 1
Wed Sep  1 21:57:19 2021, 0, 2465, 800, 6, 3630, 0, 7, 525, 0, 433.548, 1
Wed Sep  1 21:58:19 2021, 0, 2478, 800, 6, 3630, 0, 7, 525, 0, 433.548, 1
Wed Sep  1 21:59:20 2021, 0, 2491, 800, 6, 3630, 0, 7, 525, 0, 423.226, 1
Wed Sep  1 22:00:20 2021, 0, 2504, 800, 6, 3630, 0, 7, 525, 0, 433.548, 1
Wed Sep  1 22:01:21 2021, 0, 2517, 800, 6, 3630, 0, 7, 525, 0, 433.548, 1
Wed Sep  1 22:02:22 2021, 0, 2530, 800, 6, 3630, 0, 7, 525, 0, 433.548, 1
Wed Sep  1 22:03:22 2021, 0, 2543, 800, 6, 3630, 0, 7, 450, 0, 423.226, 1
Wed Sep  1 22:04:23 2021, 0, 2556, 800, 6, 3630, 0, 7, 450, 0, 433.548, 1
Wed Sep  1 22:05:23 2021, 0, 2569, 800, 6, 3630, 0, 7, 450, 0, 433.548, 1
Wed Sep  1 22:06:24 2021, 0, 2582, 800, 6, 3630, 0, 7, 375, 0, 433.548, 1
Wed Sep  1 22:07:25 2021, 0, 2595, 800, 6, 3630, 0, 7, 375, 0, 433.548, 1
Wed Sep  1 22:08:25 2021, 0, 2608, 800, 6, 3630, 0, 7, 375, 0, 433.548, 1
Wed Sep  1 22:09:26 2021, 0, 2621, 800, 6, 3630, 0, 7, 375, 0, 433.548, 1
Wed Sep  1 22:10:26 2021, 0, 2634, 800, 6, 3630, 0, 7, 375, 0, 433.548, 1
Wed Sep  1 22:11:27 2021, 0, 2647, 800, 6, 3630, 0, 7, 225, 0, 433.548, 1
Wed Sep  1 22:12:28 2021, 0, 2660, 800, 6, 3630, 0, 7, 225, 0, 433.548, 1
Wed Sep  1 22:13:28 2021, 0, 2673, 800, 6, 3630, 0, 7, 225, 0, 443.871, 1
Wed Sep  1 22:14:29 2021, 0, 2686, 800, 6, 3630, 0, 7, 225, 0, 443.871, 1
Wed Sep  1 22:15:29 2021, 0, 2699, 800, 6, 3630, 0, 7, 225, 0, 433.548, 1
Wed Sep  1 22:16:30 2021, 0, 2712, 800, 6, 3630, 0, 7, 225, 0, 443.871, 1
Wed Sep  1 22:17:30 2021, 0, 2725, 800, 6, 3630, 0, 7, 225, 0, 443.871, 1
Wed Sep  1 22:18:31 2021, 0, 2738, 800, 6, 3630, 0, 7, 225, 0, 443.871, 1
Wed Sep  1 22:19:32 2021, 0, 2751, 800, 6, 3630, 0, 7, 225, 0, 433.548, 1
Wed Sep  1 22:20:32 2021, 0, 2764, 800, 6, 3630, 0, 7, 75, 0, 443.871, 1
Wed Sep  1 22:21:33 2021, 0, 2777, 800, 6, 3630, 0, 7, 75, 0, 443.871, 1
Wed Sep  1 22:22:33 2021, 0, 2790, 800, 6, 3630, 0, 7, 75, 0, 443.871, 1
Wed Sep  1 22:23:34 2021, 0, 2803, 800, 6, 3630, 0, 7, 75, 0, 443.871, 1
Wed Sep  1 22:24:34 2021, 0, 2816, 800, 6, 3630, 0, 7, 75, 0, 443.871, 1
Wed Sep  1 22:25:35 2021, 0, 2829, 800, 6, 3630, 0, 7, 75, 0, 443.871, 1
Wed Sep  1 22:26:35 2021, 0, 2842, 800, 6, 3630, 0, 7, 75, 0, 443.871, 1
Wed Sep  1 22:27:36 2021, 0, 2855, 800, 6, 3630, 0, 7, 75, 0, 454.194, 1
Wed Sep  1 22:28:37 2021, 0, 2868, 800, 6, 3630, 0, 7, 0, 0, 443.871, 1
Wed Sep  1 22:29:37 2021, 0, 2881, 800, 6, 3630, 0, 7, 0, 0, 454.194, 1
Wed Sep  1 22:30:38 2021, 0, 2894, 800, 6, 3630, 0, 7, 0, 0, 464.516, 1
Wed Sep  1 22:31:38 2021, 0, 2907, 800, 6, 3630, 0, 7, 0, 0, 443.871, 1
Wed Sep  1 22:32:39 2021, 0, 2920, 800, 6, 3630, 0, 7, 0, 0, 443.871, 1
Wed Sep  1 22:33:40 2021, 0, 2933, 800, 6, 3630, 0, 7, 0, 0, 454.194, 1
Wed Sep  1 22:34:40 2021, 0, 2946, 800, 6, 3630, 0, 7, 0, 0, 454.194, 1
Wed Sep  1 22:35:41 2021, 0, 2959, 800, 6, 3630, 0, 7, 0, 0, 443.871, 1
Wed Sep  1 22:36:41 2021, 0, 2972, 800, 6, 3630, 0, 7, 0, 0, 454.194, 1
Wed Sep  1 22:37:42 2021, 0, 2985, 800, 6, 3630, 0, 7, 0, 0, 454.194, 1
Wed Sep  1 22:38:43 2021, 0, 2998, 800, 6, 3630, 0, 7, 0, 0, 454.194, 1
Wed Sep  1 22:39:43 2021, 0, 3011, 800, 6, 3630, 0, 7, 0, 0, 423.226, 1
Wed Sep  1 22:40:44 2021, 0, 3024, 800, 6, 3630, 0, 7, 0, 0, 454.194, 1
Wed Sep  1 22:41:44 2021, 0, 3037, 800, 6, 3630, 0, 7, 0, 0, 454.194, 1
Wed Sep  1 22:42:45 2021, 0, 3050, 800, 6, 3630, 0, 7, 0, 0, 454.194, 1
Wed Sep  1 22:43:46 2021, 0, 3063, 800, 6, 3630, 0, 7, 0, 0, 443.871, 1
Wed Sep  1 22:44:46 2021, 0, 3076, 800, 6, 3630, 0, 7, 0, 0, 454.194, 1
Wed Sep  1 22:45:47 2021, 0, 3089, 800, 6, 3630, 0, 7, 0, 0, 454.194, 1
Wed Sep  1 22:46:47 2021, 0, 3102, 800, 6, 3630, 0, 7, 0, 0, 454.194, 1
Wed Sep  1 22:47:48 2021, 0, 3115, 800, 6, 3630, 0, 7, 0, 0, 464.516, 1
Wed Sep  1 22:48:48 2021, 0, 3128, 800, 6, 3630, 0, 7, 0, 0, 454.194, 1
Wed Sep  1 22:49:49 2021, 0, 3141, 800, 6, 3630, 0, 7, 0, 0, 454.194, 1
Wed Sep  1 22:50:50 2021, 0, 3154, 800, 6, 3630, 0, 7, 0, 0, 464.516, 1
Wed Sep  1 22:51:50 2021, 0, 3167, 800, 6, 3630, 0, 7, 0, 0, 454.194, 1
Wed Sep  1 22:52:51 2021, 0, 3180, 800, 6, 3630, 0, 7, 0, 0, 454.194, 1
Wed Sep  1 22:53:51 2021, 0, 3180, 0, 6, 3630, 0, 7, 0, 0, 41.2903, 0
Wed Sep  1 22:54:52 2021, 0, 3180, 0, 6, 3630, 0, 7, 0, 0, 41.2903, 0
Wed Sep  1 22:55:52 2021, 0, 3180, 0, 6, 3630, 0, 7, 0, 0, 41.2903, 0
Wed Sep  1 22:56:53 2021, 0, 3180, 0, 6, 3630, 0, 7, 0, 0, 0, 0
Wed Sep  1 22:57:54 2021, 0, 3180, 0, 6, 3630, 0, 7, 0, 0, 0, 0
Wed Sep  1 22:58:54 2021, 0, 3180, 0, 6, 3630, 0, 7, 0, 0, 0, 0
Wed Sep  1 22:59:55 2021, 0, 3180, 0, 6, 3630, 0, 7, 0, 0, 0, 0
Wed Sep  1 23:00:55 2021, 0, 3180, 0, 6, 3630, 0, 7, 0, 0, 0, 0
Wed Sep  1 23:01:56 2021, 0, 3180, 0, 6, 3630, 0, 7, 0, 0, 0, 0
Wed Sep  1 23:02:56 2021, 0, 3180, 0, 6, 3630, 0, 7, 0, 0, 0, 0
Wed Sep  1 23:03:57 2021, 0, 3180, 0, 6, 3630, 0, 7, 0, 0, 0, 0
Wed Sep  1 23:04:58 2021, 0, 3180, 0, 6, 3630, 0, 7, 0, 0, 0, 0
Wed Sep  1 23:05:58 2021, 0, 3180, 0, 6, 3630, 0, 7, 0, 0, 0, 0
Wed Sep  1 23:06:59 2021, 0, 3180, 0, 6, 3630, 0, 7, 0, 0, 0, 0
Wed Sep  1 23:07:59 2021, 0, 3180, 0, 6, 3630, 0, 7, 0, 0, 0, 0
Wed Sep  1 23:09:00 2021, 0, 3180, 0, 6, 3630, 0, 7, 0, 0, 0, 0
Wed Sep  1 23:10:00 2021, 0, 3180, 0, 6, 3630, 0, 7, 0, 0, 0, 0
Wed Sep  1 23:11:01 2021, 0, 3180, 0, 6, 3630, 0, 7, 0, 0, 0, 0
Wed Sep  1 23:12:02 2021, 0, 3180, 0, 6, 3630, 0, 7, 0, 0, 0, 0
Wed Sep  1 23:13:02 2021, 0, 3180, 0, 6, 3630, 0, 7, 0, 0, 0, 0
Wed Sep  1 23:14:03 2021, 0, 3180, 0, 6, 3630, 0, 7, 0, 0, 0, 0
Wed Sep  1 23:15:03 2021, 0, 3180, 0, 6, 3630, 0, 7, 0, 0, 0, 0
Wed Sep  1 23:16:04 2021, 0, 3180, 0, 6, 3630, 0, 7, 0, 0, 0, 0
Wed Sep  1 23:17:05 2021, 0, 3180, 0, 6, 3630, 0, 7, 0, 0, 0, 0
Wed Sep  1 23:18:05 2021, 0, 3180, 0, 6, 3630, 0, 7, 0, 0, 0, 0
Wed Sep  1 23:19:06 2021, 0, 3180, 0, 6, 3630, 0, 7, 0, 0, 0, 0
Wed Sep  1 23:20:06 2021, 0, 3180, 0, 6, 3630, 0, 7, 0, 0, 0, 0
Wed Sep  1 23:21:07 2021, 0, 3180, 0, 6, 3630, 0, 7, 0, 0, 0, 0
Wed Sep  1 23:22:07 2021, 0, 3180, 0, 6, 3630, 0, 7, 0, 0, 0, 0
Wed Sep  1 23:23:08 2021, 0, 3180, 0, 6, 3630, 0, 7, 0, 0, 0, 0
Wed Sep  1 23:24:09 2021, 0, 3180, 0, 6, 3630, 0, 7, 0, 0, 0, 0
Wed Sep  1 23:25:09 2021, 0, 3180, 0, 6, 3630, 0, 7, 0, 0, 0, 0
Wed Sep  1 23:26:10 2021, 0, 3180, 0, 6, 3630, 0, 7, 0, 0, 0, 0
Wed Sep  1 23:27:10 2021, 0, 3180, 0, 6, 3630, 0, 7, 0, 0, 0, 0
Wed Sep  1 23:28:11 2021, 0, 3180, 0, 6, 3630, 0, 7, 0, 0, 0, 0
Wed Sep  1 23:29:12 2021, 0, 3180, 0, 6, 3630, 0, 7, 0, 0, 0, 0
Wed Sep  1 23:30:12 2021, 0, 3180, 0, 6, 3630, 0, 7, 0, 0, 0, 0
Wed Sep  1 23:31:13 2021, 0, 3180, 0, 6, 3630, 0, 7, 0, 0, 0, 0
Wed Sep  1 23:32:13 2021, 0, 3180, 0, 6, 3630, 0, 7, 0, 0, 0, 0
Wed Sep  1 23:33:14 2021, 0, 3180, 0, 6, 3630, 0, 7, 0, 0, 0, 0
Wed Sep  1 23:34:15 2021, 0, 3180, 0, 6, 3630, 0, 7, 0, 0, 0, 0
Wed Sep  1 23:35:15 2021, 0, 3180, 0, 6, 3630, 0, 7, 0, 0, 0, 0
Wed Sep  1 23:36:16 2021, 0, 3180, 0, 6, 3630, 0, 7, 0, 0, 0, 0
Wed Sep  1 23:37:16 2021, 0, 3180, 0, 6, 3630, 0, 7, 0, 0, 0, 0
Wed Sep  1 23:38:17 2021, 0, 3180, 0, 6, 3630, 0, 7, 0, 0, 0, 0
Wed Sep  1 23:39:18 2021, 0, 3180, 0, 6, 3630, 0, 7, 0, 0, 0, 0
Wed Sep  1 23:40:18 2021, 0, 3180, 0, 6, 3630, 0, 7, 0, 0, 0, 0
Wed Sep  1 23:41:19 2021, 0, 3180, 0, 6, 3630, 0, 7, 0, 0, 0, 0
Wed Sep  1 23:42:19 2021, 0, 3180, 0, 6, 3630, 0, 7, 0, 0, 0, 0
Wed Sep  1 23:43:20 2021, 0, 3180, 0, 6, 3630, 0, 7, 0, 0, 0, 0
Wed Sep  1 23:44:20 2021, 0, 3180, 0, 6, 3630, 0, 7, 0, 0, 0, 0
Wed Sep  1 23:45:21 2021, 0, 3180, 0, 6, 3630, 0, 7, 0, 0, 0, 0
Wed Sep  1 23:46:22 2021, 0, 3180, 0, 6, 3630, 0, 7, 0, 0, 0, 0
Wed Sep  1 23:47:22 2021, 0, 3180, 0, 6, 3630, 0, 7, 0, 0, 0, 0
Wed Sep  1 23:48:23 2021, 0, 3180, 0, 6, 3630, 0, 7, 0, 0, 0, 0
Wed Sep  1 23:49:23 2021, 0, 3180, 0, 6, 3630, 0, 7, 0, 0, 0, 0
Wed Sep  1 23:50:24 2021, 0, 3180, 0, 6, 3630, 0, 7, 0, 0, 0, 0
Wed Sep  1 23:51:25 2021, 0, 3180, 0, 6, 3630, 0, 7, 0, 0, 0, 0
Wed Sep  1 23:52:25 2021, 0, 3180, 0, 6, 3630, 0, 7, 0, 0, 0, 0
Wed Sep  1 23:53:26 2021, 0, 3180, 0, 6, 3630, 0, 7, 0, 0, 0, 0
Wed Sep  1 23:54:26 2021, 0, 3180, 0, 6, 3630, 0, 7, 0, 0, 0, 0
Wed Sep  1 23:55:27 2021, 0, 3180, 0, 6, 3630, 0, 7, 0, 0, 0, 0
Wed Sep  1 23:56:27 2021, 0, 3180, 0, 6, 3630, 0, 7, 0, 0, 0, 0
Wed Sep  1 23:57:28 2021, 0, 3180, 0, 6, 3630, 0, 7, 0, 0, 0, 0
Wed Sep  1 23:58:29 2021, 0, 3180, 0, 6, 3630, 0, 7, 0, 0, 0, 0
Wed Sep  1 23:59:29 2021, 0, 3180, 0, 6, 3630, 0, 7, 0, 0, 0, 0
